arm,plate,sample_id,cls,n_calls_attributed,e1_eval_failure,round_aware_correct,method
gt,optibench,sample_6,unattributed,0,1,0,none
gt,optibench,sample_13,unattributed,0,1,0,none
gt,optibench,sample_4,all_pinned,3,0,1,cache
gt,optibench,sample_9,all_pinned,3,0,1,cache
gt,optibench,sample_11,all_pinned,4,0,1,cache
gt,optibench,sample_5,all_pinned,4,0,0,cache
gt,optibench,sample_18,unattributed,0,1,0,none
gt,optibench,sample_8,all_pinned,4,0,1,cache
gt,optibench,sample_20,unattributed,0,1,0,none
gt,optibench,sample_3,all_pinned,4,0,1,cache
gt,optibench,sample_21,any_variant,5,0,0,cache
gt,optibench,sample_14,all_pinned,6,0,1,cache
gt,optibench,sample_17,all_pinned,4,0,1,cache
gt,optibench,sample_25,unattributed,0,1,0,none
gt,optibench,sample_15,all_pinned,4,0,1,cache
gt,optibench,sample_12,all_pinned,6,0,1,cache
gt,optibench,sample_24,all_pinned,4,0,1,cache
gt,optibench,sample_23,all_pinned,4,0,1,cache
gt,optibench,sample_10,all_pinned,7,0,1,cache
gt,optibench,sample_31,all_pinned,4,0,1,cache
gt,optibench,sample_32,unattributed,0,1,0,none
gt,optibench,sample_27,all_pinned,6,0,1,cache
gt,optibench,sample_34,all_pinned,5,0,0,cache
gt,optibench,sample_28,all_pinned,4,0,1,cache
gt,optibench,sample_1,all_pinned,9,0,1,cache
gt,optibench,sample_16,all_pinned,8,0,1,cache
gt,optibench,sample_38,all_pinned,3,0,0,cache
gt,optibench,sample_26,all_pinned,9,0,0,cache
gt,optibench,sample_36,all_pinned,7,0,1,cache
gt,optibench,sample_22,all_pinned,11,0,1,cache
gt,optibench,sample_42,all_pinned,4,0,1,cache
gt,optibench,sample_43,all_pinned,6,0,0,cache
gt,optibench,sample_2,all_pinned,10,0,0,cache
gt,optibench,sample_45,unattributed,0,1,0,none
gt,optibench,sample_46,unattributed,0,1,0,none
gt,optibench,sample_47,unattributed,0,1,0,none
gt,optibench,sample_48,unattributed,0,1,0,none
gt,optibench,sample_37,all_pinned,12,0,1,cache
gt,optibench,sample_29,all_pinned,9,0,1,cache
gt,optibench,sample_51,all_pinned,4,0,1,cache
gt,optibench,sample_52,all_pinned,4,0,1,cache
gt,optibench,sample_7,all_pinned,10,0,0,cache
gt,optibench,sample_41,all_pinned,6,0,1,cache
gt,optibench,sample_50,all_pinned,4,0,0,cache
gt,optibench,sample_56,unattributed,0,1,0,none
gt,optibench,sample_57,unattributed,0,1,0,none
gt,optibench,sample_30,all_pinned,13,0,0,cache
gt,optibench,sample_54,all_pinned,4,0,1,cache
gt,optibench,sample_53,all_pinned,4,0,0,cache
gt,optibench,sample_35,all_pinned,13,0,1,cache
gt,optibench,sample_62,unattributed,0,1,0,none
gt,optibench,sample_63,unattributed,0,1,0,none
gt,optibench,sample_59,all_pinned,5,0,1,cache
gt,optibench,sample_55,all_pinned,7,0,1,cache
gt,optibench,sample_61,all_pinned,6,0,1,cache
gt,optibench,sample_44,all_pinned,8,0,0,cache
gt,optibench,sample_66,all_pinned,4,0,1,cache
gt,optibench,sample_65,all_pinned,5,0,1,cache
gt,optibench,sample_33,all_pinned,13,0,0,cache
gt,optibench,sample_71,unattributed,0,1,0,none
gt,optibench,sample_58,all_pinned,7,0,1,cache
gt,optibench,sample_67,all_pinned,6,0,1,cache
gt,optibench,sample_74,unattributed,0,1,0,none
gt,optibench,sample_72,all_pinned,4,0,1,cache
gt,optibench,sample_39,all_pinned,13,0,0,cache
gt,optibench,sample_64,all_pinned,9,0,1,cache
gt,optibench,sample_78,any_variant,3,0,1,cache
gt,optibench,sample_68,all_pinned,7,0,1,cache
gt,optibench,sample_60,all_pinned,8,0,0,cache
gt,optibench,sample_75,all_pinned,6,0,1,cache
gt,optibench,sample_69,all_pinned,7,0,1,cache
gt,optibench,sample_80,all_pinned,6,0,1,cache
gt,optibench,sample_77,all_pinned,7,0,1,cache
gt,optibench,sample_82,all_pinned,4,0,1,cache
gt,optibench,sample_19,all_pinned,13,0,1,cache
gt,optibench,sample_84,all_pinned,4,0,1,cache
gt,optibench,sample_88,any_variant,4,0,1,cache
gt,optibench,sample_83,all_pinned,8,0,0,cache
gt,optibench,sample_90,any_variant,5,0,1,cache
gt,optibench,sample_79,all_pinned,6,0,0,cache
gt,optibench,sample_92,all_pinned,3,0,0,cache
gt,optibench,sample_93,unattributed,0,1,0,none
gt,optibench,sample_94,all_pinned,3,0,1,cache
gt,optibench,sample_89,all_pinned,4,0,1,cache
gt,optibench,sample_73,all_pinned,8,0,0,cache
gt,optibench,sample_97,all_pinned,3,0,1,cache
gt,optibench,sample_40,all_pinned,13,0,0,cache
gt,optibench,sample_96,all_pinned,6,0,1,cache
gt,optibench,sample_100,all_pinned,4,0,0,cache
gt,optibench,sample_86,all_pinned,9,0,1,cache
gt,optibench,sample_95,all_pinned,6,0,1,cache
gt,optibench,sample_99,all_pinned,4,0,1,cache
gt,optibench,sample_104,unattributed,0,1,0,none
gt,optibench,sample_70,all_pinned,13,0,1,cache
gt,optibench,sample_105,all_pinned,5,0,0,cache
gt,optibench,sample_76,all_pinned,13,0,1,cache
gt,optibench,sample_87,all_pinned,7,0,1,cache
gt,optibench,sample_102,all_pinned,5,0,1,cache
gt,optibench,sample_85,all_pinned,13,0,0,cache
gt,optibench,sample_108,all_pinned,7,0,0,cache
gt,optibench,sample_112,all_pinned,7,0,1,cache
gt,optibench,sample_113,all_pinned,4,0,1,cache
gt,optibench,sample_109,all_pinned,4,0,1,cache
gt,optibench,sample_115,any_variant,3,0,0,cache
gt,optibench,sample_107,all_pinned,5,0,1,cache
gt,optibench,sample_117,unattributed,0,1,0,none
gt,optibench,sample_118,unattributed,0,1,0,none
gt,optibench,sample_91,all_pinned,8,0,1,cache
gt,optibench,sample_120,unattributed,0,1,0,none
gt,optibench,sample_116,all_pinned,6,0,1,cache
gt,optibench,sample_114,all_pinned,4,0,1,cache
gt,optibench,sample_101,all_pinned,7,0,1,cache
gt,optibench,sample_124,all_pinned,6,0,0,cache
gt,optibench,sample_106,all_pinned,7,0,1,cache
gt,optibench,sample_98,all_pinned,6,0,0,cache
gt,optibench,sample_111,all_pinned,4,0,1,cache
gt,optibench,sample_128,unattributed,0,1,0,none
gt,optibench,sample_123,all_pinned,4,0,0,cache
gt,optibench,sample_130,any_variant,4,0,0,cache
gt,optibench,sample_131,unattributed,0,1,0,none
gt,optibench,sample_125,all_pinned,5,0,1,cache
gt,optibench,sample_133,any_variant,3,0,1,cache
gt,optibench,sample_103,any_variant,13,0,0,cache
gt,optibench,sample_127,all_pinned,5,0,1,cache
gt,optibench,sample_136,all_pinned,4,0,0,cache
gt,optibench,sample_137,unattributed,0,1,0,none
gt,optibench,sample_138,any_variant,3,0,1,cache
gt,optibench,sample_49,all_pinned,12,0,1,cache
gt,optibench,sample_135,all_pinned,6,0,1,cache
gt,optibench,sample_140,all_pinned,4,0,1,cache
gt,optibench,sample_132,all_pinned,6,0,1,cache
gt,optibench,sample_143,all_pinned,6,0,1,cache
gt,optibench,sample_129,all_pinned,10,0,1,cache
gt,optibench,sample_145,unattributed,0,1,0,none
gt,optibench,sample_81,all_pinned,12,0,0,cache
gt,optibench,sample_146,any_variant,5,0,1,cache
gt,optibench,sample_110,all_pinned,13,0,1,cache
gt,optibench,sample_144,all_pinned,4,0,1,cache
gt,optibench,sample_122,all_pinned,10,0,0,cache
gt,optibench,sample_148,all_pinned,4,0,1,cache
gt,optibench,sample_121,all_pinned,13,0,0,cache
gt,optibench,sample_153,any_variant,3,0,1,cache
gt,optibench,sample_154,any_variant,3,0,0,cache
gt,optibench,sample_155,unattributed,0,1,0,none
gt,optibench,sample_156,all_pinned,5,0,1,cache
gt,optibench,sample_149,all_pinned,6,0,1,cache
gt,optibench,sample_151,all_pinned,4,0,1,cache
gt,optibench,sample_159,unattributed,0,1,0,none
gt,optibench,sample_157,all_pinned,4,0,1,cache
gt,optibench,sample_139,any_variant,11,0,1,cache
gt,optibench,sample_126,all_pinned,13,0,0,cache
gt,optibench,sample_152,all_pinned,4,0,0,cache
gt,optibench,sample_164,any_variant,3,0,1,cache
gt,optibench,sample_150,all_pinned,6,0,0,cache
gt,optibench,sample_163,any_variant,4,0,0,cache
gt,optibench,sample_160,all_pinned,5,0,0,cache
gt,optibench,sample_166,any_variant,5,0,1,cache
gt,optibench,sample_169,any_variant,3,0,1,cache
gt,optibench,sample_170,unattributed,0,1,0,none
gt,optibench,sample_171,unattributed,0,1,0,none
gt,optibench,sample_142,all_pinned,13,0,0,cache
gt,optibench,sample_173,unattributed,0,1,0,none
gt,optibench,sample_174,all_pinned,6,0,1,cache
gt,optibench,sample_167,any_variant,5,0,0,cache
gt,optibench,sample_165,all_pinned,5,0,0,cache
gt,optibench,sample_172,all_pinned,4,0,1,cache
gt,optibench,sample_178,any_variant,11,0,0,cache
gt,optibench,sample_168,all_pinned,5,0,1,cache
gt,optibench,sample_179,all_pinned,3,0,0,cache
gt,optibench,sample_181,any_variant,4,0,0,cache
gt,optibench,sample_182,unattributed,0,1,0,none
gt,optibench,sample_161,all_pinned,6,0,1,cache
gt,optibench,sample_134,all_pinned,13,0,0,cache
gt,optibench,sample_180,any_variant,5,0,1,cache
gt,optibench,sample_184,all_pinned,6,0,1,cache
gt,optibench,sample_185,all_pinned,4,0,1,cache
gt,optibench,sample_119,all_pinned,10,0,1,cache
gt,optibench,sample_186,all_pinned,3,0,1,cache
gt,optibench,sample_190,unattributed,0,1,0,none
gt,optibench,sample_191,unattributed,0,1,0,none
gt,optibench,sample_189,all_pinned,4,0,1,cache
gt,optibench,sample_193,any_variant,3,0,0,cache
gt,optibench,sample_188,all_pinned,4,0,1,cache
gt,optibench,sample_195,all_pinned,4,0,1,cache
gt,optibench,sample_196,any_variant,4,0,1,cache
gt,optibench,sample_197,unattributed,0,1,0,none
gt,optibench,sample_198,unattributed,0,1,0,none
gt,optibench,sample_199,any_variant,3,0,1,cache
gt,optibench,sample_200,unattributed,0,1,0,none
gt,optibench,sample_187,all_pinned,4,0,1,cache
gt,optibench,sample_202,any_variant,4,0,1,cache
gt,optibench,sample_162,all_pinned,13,0,1,cache
gt,optibench,sample_192,all_pinned,5,0,1,cache
gt,optibench,sample_194,all_pinned,5,0,1,cache
gt,optibench,sample_206,unattributed,0,1,0,none
gt,optibench,sample_205,all_pinned,4,0,0,cache
gt,optibench,sample_203,all_pinned,6,0,0,cache
gt,optibench,sample_177,all_pinned,8,0,1,cache
gt,optibench,sample_209,all_pinned,4,0,1,cache
gt,optibench,sample_147,all_pinned,13,0,0,cache
gt,optibench,sample_211,all_pinned,5,0,1,cache
gt,optibench,sample_201,all_pinned,9,0,1,cache
gt,optibench,sample_213,all_pinned,4,0,1,cache
gt,optibench,sample_212,all_pinned,6,0,1,cache
gt,optibench,sample_215,all_pinned,5,0,1,cache
gt,optibench,sample_216,all_pinned,5,0,1,cache
gt,optibench,sample_218,all_pinned,3,0,1,cache
gt,optibench,sample_204,all_pinned,10,0,1,cache
gt,optibench,sample_220,any_variant,5,0,1,cache
gt,optibench,sample_217,all_pinned,4,0,1,cache
gt,optibench,sample_175,all_pinned,13,0,1,cache
gt,optibench,sample_141,all_pinned,13,0,0,cache
gt,optibench,sample_176,all_pinned,13,0,1,cache
gt,optibench,sample_225,all_pinned,3,0,1,cache
gt,optibench,sample_226,unattributed,0,1,0,none
gt,optibench,sample_227,any_variant,3,0,1,cache
gt,optibench,sample_208,all_pinned,12,0,1,cache
gt,optibench,sample_219,all_pinned,6,0,1,cache
gt,optibench,sample_228,all_pinned,4,0,1,cache
gt,optibench,sample_231,all_pinned,3,0,1,cache
gt,optibench,sample_221,all_pinned,6,0,0,cache
gt,optibench,sample_233,all_pinned,4,0,1,cache
gt,optibench,sample_234,any_variant,3,0,0,cache
gt,optibench,sample_214,all_pinned,8,0,0,cache
gt,optibench,sample_236,all_pinned,4,0,1,cache
gt,optibench,sample_230,all_pinned,4,0,1,cache
gt,optibench,sample_222,all_pinned,12,0,1,cache
gt,optibench,sample_210,all_pinned,11,0,1,cache
gt,optibench,sample_158,all_pinned,13,0,0,cache
gt,optibench,sample_238,all_pinned,4,0,1,cache
gt,optibench,sample_224,all_pinned,5,0,1,cache
gt,optibench,sample_242,any_variant,3,0,1,cache
gt,optibench,sample_240,all_pinned,4,0,1,cache
gt,optibench,sample_183,all_pinned,13,0,0,cache
gt,optibench,sample_245,all_pinned,3,0,1,cache
gt,optibench,sample_239,all_pinned,5,0,1,cache
gt,optibench,sample_243,all_pinned,4,0,1,cache
gt,optibench,sample_249,unattributed,0,1,0,none
gt,optibench,sample_247,all_pinned,6,0,1,cache
gt,optibench,sample_207,all_pinned,13,0,1,cache
gt,optibench,sample_248,all_pinned,5,0,1,cache
gt,optibench,sample_250,all_pinned,4,0,1,cache
gt,optibench,sample_237,all_pinned,9,0,1,cache
gt,optibench,sample_244,all_pinned,6,0,1,cache
gt,optibench,sample_229,all_pinned,8,0,1,cache
gt,optibench,sample_223,all_pinned,8,0,1,cache
gt,optibench,sample_241,all_pinned,6,0,0,cache
gt,optibench,sample_253,all_pinned,5,0,1,cache
gt,optibench,sample_255,all_pinned,4,0,1,cache
gt,optibench,sample_261,unattributed,0,1,0,none
gt,optibench,sample_260,all_pinned,3,0,1,cache
gt,optibench,sample_252,all_pinned,5,0,1,cache
gt,optibench,sample_264,all_pinned,5,0,1,cache
gt,optibench,sample_263,all_pinned,5,0,1,cache
gt,optibench,sample_266,all_pinned,4,0,0,cache
gt,optibench,sample_259,all_pinned,6,0,1,cache
gt,optibench,sample_268,all_pinned,4,0,1,cache
gt,optibench,sample_269,unattributed,0,1,0,none
gt,optibench,sample_270,unattributed,0,1,0,none
gt,optibench,sample_271,all_pinned,5,0,0,cache
gt,optibench,sample_272,unattributed,0,1,0,none
gt,optibench,sample_273,all_pinned,4,0,1,cache
gt,optibench,sample_274,any_variant,3,0,1,cache
gt,optibench,sample_275,any_variant,3,0,1,cache
gt,optibench,sample_276,all_pinned,4,0,0,cache
gt,optibench,sample_277,all_pinned,3,0,1,cache
gt,optibench,sample_232,all_pinned,13,0,1,cache
gt,optibench,sample_278,any_variant,4,0,1,cache
gt,optibench,sample_258,all_pinned,9,0,1,cache
gt,optibench,sample_257,all_pinned,8,0,1,cache
gt,optibench,sample_280,all_pinned,4,0,1,cache
gt,optibench,sample_265,all_pinned,9,0,1,cache
gt,optibench,sample_251,all_pinned,11,0,1,cache
gt,optibench,sample_282,all_pinned,4,0,1,cache
gt,optibench,sample_267,all_pinned,11,0,1,cache
gt,optibench,sample_284,all_pinned,5,0,1,cache
gt,optibench,sample_288,any_variant,3,0,1,cache
gt,optibench,sample_285,all_pinned,4,0,1,cache
gt,optibench,sample_286,all_pinned,4,0,1,cache
gt,optibench,sample_291,unattributed,0,1,0,none
gt,optibench,sample_292,any_variant,3,0,1,cache
gt,optibench,sample_283,all_pinned,7,0,1,cache
gt,optibench,sample_294,all_pinned,4,0,0,cache
gt,optibench,sample_295,unattributed,0,1,0,none
gt,optibench,sample_235,any_variant,13,0,0,cache
gt,optibench,sample_297,unattributed,0,1,0,none
gt,optibench,sample_290,all_pinned,5,0,0,cache
gt,optibench,sample_296,all_pinned,3,0,1,cache
gt,optibench,sample_298,all_pinned,6,0,1,cache
gt,optibench,sample_254,all_pinned,13,0,1,cache
gt,optibench,sample_300,all_pinned,4,0,1,cache
gt,optibench,sample_303,unattributed,0,1,0,none
gt,optibench,sample_304,all_pinned,3,0,0,cache
gt,optibench,sample_289,all_pinned,5,0,0,cache
gt,optibench,sample_306,unattributed,0,1,0,none
gt,optibench,sample_307,all_pinned,3,0,1,cache
gt,optibench,sample_299,all_pinned,4,0,1,cache
gt,optibench,sample_308,all_pinned,5,0,1,cache
gt,optibench,sample_301,all_pinned,4,0,1,cache
gt,optibench,sample_302,any_variant,5,0,1,cache
gt,optibench,sample_312,all_pinned,4,0,1,cache
gt,optibench,sample_313,all_pinned,3,0,1,cache
gt,optibench,sample_262,all_pinned,13,0,1,cache
gt,optibench,sample_246,all_pinned,13,0,0,cache
gt,optibench,sample_256,all_pinned,10,0,1,cache
gt,optibench,sample_315,all_pinned,13,0,0,cache
gt,optibench,sample_314,all_pinned,6,0,1,cache
gt,optibench,sample_310,all_pinned,4,0,0,cache
gt,optibench,sample_317,all_pinned,4,0,1,cache
gt,optibench,sample_321,all_pinned,4,0,1,cache
gt,optibench,sample_318,all_pinned,5,0,1,cache
gt,optibench,sample_311,all_pinned,8,0,1,cache
gt,optibench,sample_324,any_variant,4,0,1,cache
gt,optibench,sample_325,any_variant,3,0,1,cache
gt,optibench,sample_287,all_pinned,13,0,0,cache
gt,optibench,sample_293,all_pinned,11,0,1,cache
gt,optibench,sample_328,unattributed,0,1,0,none
gt,optibench,sample_316,all_pinned,6,0,1,cache
gt,optibench,sample_330,all_pinned,4,0,1,cache
gt,optibench,sample_323,any_variant,6,0,1,cache
gt,optibench,sample_332,all_pinned,5,0,1,cache
gt,optibench,sample_333,any_variant,3,0,0,cache
gt,optibench,sample_331,all_pinned,6,0,0,cache
gt,optibench,sample_335,any_variant,4,0,1,cache
gt,optibench,sample_336,all_pinned,5,0,1,cache
gt,optibench,sample_337,all_pinned,3,0,1,cache
gt,optibench,sample_320,all_pinned,5,0,1,cache
gt,optibench,sample_281,all_pinned,10,0,0,cache
gt,optibench,sample_340,all_pinned,4,0,1,cache
gt,optibench,sample_341,all_pinned,4,0,1,cache
gt,optibench,sample_334,all_pinned,4,0,1,cache
gt,optibench,sample_343,unattributed,0,1,0,none
gt,optibench,sample_344,any_variant,4,0,1,cache
gt,optibench,sample_339,all_pinned,5,0,0,cache
gt,optibench,sample_338,all_pinned,4,0,1,cache
gt,optibench,sample_322,all_pinned,5,0,0,cache
gt,optibench,sample_326,all_pinned,4,0,1,cache
gt,optibench,sample_349,all_pinned,4,0,1,cache
gt,optibench,sample_347,all_pinned,6,0,1,cache
gt,optibench,sample_305,any_variant,11,0,0,cache
gt,optibench,sample_279,all_pinned,13,0,0,cache
gt,optibench,sample_353,unattributed,0,1,0,none
gt,optibench,sample_345,all_pinned,8,0,1,cache
gt,optibench,sample_354,all_pinned,4,0,1,cache
gt,optibench,sample_356,unattributed,0,1,0,none
gt,optibench,sample_357,all_pinned,4,0,1,cache
gt,optibench,sample_358,any_variant,3,0,0,cache
gt,optibench,sample_309,all_pinned,13,0,1,cache
gt,optibench,sample_360,all_pinned,4,0,1,cache
gt,optibench,sample_361,any_variant,4,0,1,cache
gt,optibench,sample_351,all_pinned,7,0,1,cache
gt,optibench,sample_350,all_pinned,9,0,0,cache
gt,optibench,sample_329,any_variant,13,0,0,cache
gt,optibench,sample_327,all_pinned,13,0,0,cache
gt,optibench,sample_366,all_pinned,4,0,1,cache
gt,optibench,sample_348,all_pinned,11,0,0,cache
gt,optibench,sample_368,unattributed,0,1,0,none
gt,optibench,sample_352,all_pinned,5,0,1,cache
gt,optibench,sample_369,all_pinned,4,0,1,cache
gt,optibench,sample_371,all_pinned,4,0,1,cache
gt,optibench,sample_363,all_pinned,5,0,0,cache
gt,optibench,sample_342,all_pinned,13,0,0,cache
gt,optibench,sample_374,all_pinned,3,0,1,cache
gt,optibench,sample_367,all_pinned,6,0,1,cache
gt,optibench,sample_359,all_pinned,5,0,1,cache
gt,optibench,sample_372,all_pinned,5,0,1,cache
gt,optibench,sample_362,all_pinned,7,0,1,cache
gt,optibench,sample_375,all_pinned,4,0,1,cache
gt,optibench,sample_380,any_variant,4,0,1,cache
gt,optibench,sample_377,all_pinned,3,0,1,cache
gt,optibench,sample_355,all_pinned,7,0,1,cache
gt,optibench,sample_364,all_pinned,7,0,0,cache
gt,optibench,sample_384,unattributed,0,1,0,none
gt,optibench,sample_373,all_pinned,5,0,0,cache
gt,optibench,sample_386,unattributed,0,1,0,none
gt,optibench,sample_382,all_pinned,4,0,1,cache
gt,optibench,sample_388,all_pinned,6,0,0,cache
gt,optibench,sample_389,unattributed,0,1,0,none
gt,optibench,sample_370,all_pinned,7,0,1,cache
gt,optibench,sample_391,unattributed,0,1,0,none
gt,optibench,sample_385,all_pinned,5,0,1,cache
gt,optibench,sample_392,all_pinned,5,0,1,cache
gt,optibench,sample_394,any_variant,3,0,1,cache
gt,optibench,sample_346,all_pinned,13,0,0,cache
gt,optibench,sample_387,all_pinned,4,0,1,cache
gt,optibench,sample_365,all_pinned,13,0,1,cache
gt,optibench,sample_378,all_pinned,7,0,1,cache
gt,optibench,sample_390,all_pinned,6,0,1,cache
gt,optibench,sample_383,all_pinned,6,0,1,cache
gt,optibench,sample_401,any_variant,4,0,1,cache
gt,optibench,sample_402,all_pinned,4,0,1,cache
gt,optibench,sample_403,all_pinned,5,0,1,cache
gt,optibench,sample_404,unattributed,0,1,0,none
gt,optibench,sample_319,all_pinned,13,0,0,cache
gt,optibench,sample_406,any_variant,3,0,1,cache
gt,optibench,sample_407,any_variant,3,0,1,cache
gt,optibench,sample_376,all_pinned,8,0,0,cache
gt,optibench,sample_398,all_pinned,7,0,1,cache
gt,optibench,sample_393,all_pinned,13,0,0,cache
gt,optibench,sample_381,all_pinned,13,0,1,cache
gt,optibench,sample_405,all_pinned,6,0,0,cache
gt,optibench,sample_413,unattributed,0,1,0,none
gt,optibench,sample_397,all_pinned,8,0,1,cache
gt,optibench,sample_415,any_variant,4,0,1,cache
gt,optibench,sample_411,all_pinned,5,0,1,cache
gt,optibench,sample_395,all_pinned,11,0,1,cache
gt,optibench,sample_399,all_pinned,13,0,0,cache
gt,optibench,sample_400,all_pinned,12,0,1,cache
gt,optibench,sample_417,all_pinned,4,0,1,cache
gt,optibench,sample_412,all_pinned,8,0,1,cache
gt,optibench,sample_422,any_variant,3,0,0,cache
gt,optibench,sample_416,all_pinned,5,0,1,cache
gt,optibench,sample_419,all_pinned,4,0,1,cache
gt,optibench,sample_423,all_pinned,5,0,1,cache
gt,optibench,sample_426,any_variant,6,0,0,cache
gt,optibench,sample_420,all_pinned,5,0,1,cache
gt,optibench,sample_428,unattributed,0,1,0,none
gt,optibench,sample_429,unattributed,0,1,0,none
gt,optibench,sample_425,all_pinned,6,0,1,cache
gt,optibench,sample_430,all_pinned,6,0,1,cache
gt,optibench,sample_432,all_pinned,4,0,1,cache
gt,optibench,sample_418,all_pinned,5,0,1,cache
gt,optibench,sample_434,unattributed,0,1,0,none
gt,optibench,sample_431,all_pinned,5,0,1,cache
gt,optibench,sample_435,all_pinned,3,0,1,cache
gt,optibench,sample_436,all_pinned,5,0,1,cache
gt,optibench,sample_438,all_pinned,3,0,1,cache
gt,optibench,sample_439,any_variant,3,0,0,cache
gt,optibench,sample_409,any_variant,13,0,1,cache
gt,optibench,sample_441,all_pinned,4,0,1,cache
gt,optibench,sample_442,all_pinned,4,0,1,cache
gt,optibench,sample_443,any_variant,3,0,1,cache
gt,optibench,sample_444,all_pinned,7,0,1,cache
gt,optibench,sample_445,unattributed,0,1,0,none
gt,optibench,sample_446,unattributed,0,1,0,none
gt,optibench,sample_447,any_variant,6,0,1,cache
gt,optibench,sample_448,unattributed,0,1,0,none
gt,optibench,sample_449,any_variant,3,0,1,cache
gt,optibench,sample_450,any_variant,3,0,0,cache
gt,optibench,sample_414,all_pinned,13,0,0,cache
gt,optibench,sample_452,unattributed,0,1,0,none
gt,optibench,sample_424,all_pinned,13,0,0,cache
gt,optibench,sample_454,all_pinned,3,0,0,cache
gt,optibench,sample_455,all_pinned,3,0,1,cache
gt,optibench,sample_456,any_variant,4,0,0,cache
gt,optibench,sample_457,any_variant,4,0,1,cache
gt,optibench,sample_458,all_pinned,3,0,1,cache
gt,optibench,sample_459,all_pinned,5,0,1,cache
gt,optibench,sample_433,all_pinned,8,0,1,cache
gt,optibench,sample_460,all_pinned,3,0,0,cache
gt,optibench,sample_462,any_variant,3,0,0,cache
gt,optibench,sample_451,all_pinned,5,0,1,cache
gt,optibench,sample_463,all_pinned,3,0,1,cache
gt,optibench,sample_379,all_pinned,13,0,0,cache
gt,optibench,sample_466,all_pinned,3,0,1,cache
gt,optibench,sample_408,all_pinned,8,0,0,cache
gt,optibench,sample_410,all_pinned,13,0,0,cache
gt,optibench,sample_461,all_pinned,4,0,1,cache
gt,optibench,sample_470,unattributed,0,1,0,none
gt,optibench,sample_437,all_pinned,7,0,0,cache
gt,optibench,sample_465,all_pinned,8,0,1,cache
gt,optibench,sample_473,unattributed,0,1,0,none
gt,optibench,sample_471,all_pinned,6,0,1,cache
gt,optibench,sample_464,all_pinned,4,0,1,cache
gt,optibench,sample_468,all_pinned,4,0,1,cache
gt,optibench,sample_477,any_variant,3,0,0,cache
gt,optibench,sample_421,all_pinned,12,0,1,cache
gt,optibench,sample_479,any_variant,3,0,1,cache
gt,optibench,sample_396,all_pinned,13,0,0,cache
gt,optibench,sample_481,any_variant,3,0,0,cache
gt,optibench,sample_482,all_pinned,3,0,1,cache
gt,optibench,sample_472,all_pinned,6,0,1,cache
gt,optibench,sample_453,all_pinned,7,0,1,cache
gt,optibench,sample_475,all_pinned,5,0,0,cache
gt,optibench,sample_476,all_pinned,4,0,1,cache
gt,optibench,sample_469,all_pinned,6,0,1,cache
gt,optibench,sample_474,all_pinned,6,0,1,cache
gt,optibench,sample_485,all_pinned,5,0,1,cache
gt,optibench,sample_489,any_variant,4,0,1,cache
gt,optibench,sample_484,all_pinned,6,0,1,cache
gt,optibench,sample_488,any_variant,5,0,1,cache
gt,optibench,sample_427,all_pinned,13,0,0,cache
gt,optibench,sample_467,all_pinned,5,0,1,cache
gt,optibench,sample_478,all_pinned,6,0,1,cache
gt,optibench,sample_491,all_pinned,3,0,0,cache
gt,optibench,sample_497,all_pinned,4,0,1,cache
gt,optibench,sample_498,unattributed,0,1,0,none
gt,optibench,sample_495,all_pinned,4,0,0,cache
gt,optibench,sample_500,unattributed,0,1,0,none
gt,optibench,sample_494,all_pinned,4,0,0,cache
gt,optibench,sample_502,any_variant,3,0,1,cache
gt,optibench,sample_492,all_pinned,5,0,1,cache
gt,optibench,sample_496,all_pinned,8,0,1,cache
gt,optibench,sample_501,all_pinned,4,0,1,cache
gt,optibench,sample_440,all_pinned,11,0,1,cache
gt,optibench,sample_507,any_variant,4,0,1,cache
gt,optibench,sample_493,all_pinned,6,0,1,cache
gt,optibench,sample_505,all_pinned,5,0,1,cache
gt,optibench,sample_508,all_pinned,6,0,1,cache
gt,optibench,sample_511,any_variant,5,0,1,cache
gt,optibench,sample_512,unattributed,0,1,0,none
gt,optibench,sample_486,all_pinned,7,0,0,cache
gt,optibench,sample_503,all_pinned,7,0,1,cache
gt,optibench,sample_515,unattributed,0,1,0,none
gt,optibench,sample_513,all_pinned,6,0,1,cache
gt,optibench,sample_509,all_pinned,6,0,1,cache
gt,optibench,sample_518,all_pinned,7,0,1,cache
gt,optibench,sample_510,all_pinned,5,0,1,cache
gt,optibench,sample_520,all_pinned,4,0,1,cache
gt,optibench,sample_514,all_pinned,5,0,0,cache
gt,optibench,sample_519,all_pinned,4,0,1,cache
gt,optibench,sample_499,all_pinned,12,0,1,cache
gt,optibench,sample_517,all_pinned,5,0,1,cache
gt,optibench,sample_525,unattributed,0,1,0,none
gt,optibench,sample_526,all_pinned,3,0,1,cache
gt,optibench,sample_483,all_pinned,13,0,0,cache
gt,optibench,sample_528,all_pinned,4,0,1,cache
gt,optibench,sample_529,any_variant,3,0,1,cache
gt,optibench,sample_530,all_pinned,6,0,1,cache
gt,optibench,sample_504,all_pinned,9,0,1,cache
gt,optibench,sample_532,any_variant,4,0,1,cache
gt,optibench,sample_480,all_pinned,11,0,0,cache
gt,optibench,sample_534,any_variant,3,0,1,cache
gt,optibench,sample_523,all_pinned,6,0,1,cache
gt,optibench,sample_506,all_pinned,9,0,0,cache
gt,optibench,sample_537,unattributed,0,1,0,none
gt,optibench,sample_538,any_variant,3,0,0,cache
gt,optibench,sample_522,all_pinned,7,0,1,cache
gt,optibench,sample_536,all_pinned,4,0,1,cache
gt,optibench,sample_531,all_pinned,5,0,1,cache
gt,optibench,sample_533,all_pinned,6,0,1,cache
gt,optibench,sample_487,all_pinned,13,0,0,cache
gt,optibench,sample_544,unattributed,0,1,0,none
gt,optibench,sample_516,all_pinned,10,0,0,cache
gt,optibench,sample_535,all_pinned,7,0,1,cache
gt,optibench,sample_527,all_pinned,9,0,1,cache
gt,optibench,sample_548,unattributed,0,1,0,none
gt,optibench,sample_549,any_variant,5,0,1,cache
gt,optibench,sample_550,all_pinned,3,0,1,cache
gt,optibench,sample_521,all_pinned,13,0,1,cache
gt,optibench,sample_552,all_pinned,4,0,1,cache
gt,optibench,sample_553,unattributed,0,1,0,none
gt,optibench,sample_539,all_pinned,5,0,0,cache
gt,optibench,sample_555,any_variant,3,0,0,cache
gt,optibench,sample_556,all_pinned,3,0,1,cache
gt,optibench,sample_557,unattributed,0,1,0,none
gt,optibench,sample_524,any_variant,11,0,0,cache
gt,optibench,sample_559,unattributed,0,1,0,none
gt,optibench,sample_560,unattributed,0,1,0,none
gt,optibench,sample_561,all_pinned,3,0,1,cache
gt,optibench,sample_562,all_pinned,4,0,1,cache
gt,optibench,sample_490,all_pinned,12,0,1,cache
gt,optibench,sample_554,all_pinned,5,0,0,cache
gt,optibench,sample_565,all_pinned,5,0,1,cache
gt,optibench,sample_563,all_pinned,4,0,1,cache
gt,optibench,sample_567,all_pinned,3,0,1,cache
gt,optibench,sample_568,all_pinned,4,0,1,cache
gt,optibench,sample_547,all_pinned,5,0,0,cache
gt,optibench,sample_558,all_pinned,7,0,1,cache
gt,optibench,sample_569,all_pinned,4,0,1,cache
gt,optibench,sample_545,all_pinned,9,0,0,cache
gt,optibench,sample_551,all_pinned,6,0,1,cache
gt,optibench,sample_574,all_pinned,3,0,1,cache
gt,optibench,sample_543,all_pinned,10,0,1,cache
gt,optibench,sample_571,all_pinned,4,0,1,cache
gt,optibench,sample_570,all_pinned,6,0,1,cache
gt,optibench,sample_566,all_pinned,8,0,1,cache
gt,optibench,sample_579,all_pinned,4,0,1,cache
gt,optibench,sample_575,all_pinned,4,0,1,cache
gt,optibench,sample_576,all_pinned,6,0,1,cache
gt,optibench,sample_582,all_pinned,4,0,1,cache
gt,optibench,sample_546,all_pinned,13,0,0,cache
gt,optibench,sample_581,all_pinned,6,0,1,cache
gt,optibench,sample_580,all_pinned,5,0,0,cache
gt,optibench,sample_586,unattributed,0,1,0,none
gt,optibench,sample_540,all_pinned,13,0,1,cache
gt,optibench,sample_584,all_pinned,5,0,0,cache
gt,optibench,sample_587,all_pinned,6,0,1,cache
gt,optibench,sample_583,all_pinned,9,0,0,cache
gt,optibench,sample_585,all_pinned,5,0,1,cache
gt,optibench,sample_592,all_pinned,3,0,1,cache
gt,optibench,sample_590,all_pinned,3,0,1,cache
gt,optibench,sample_594,unattributed,0,1,0,none
gt,optibench,sample_572,all_pinned,11,0,1,cache
gt,optibench,sample_593,all_pinned,4,0,1,cache
gt,optibench,sample_541,all_pinned,13,0,1,cache
gt,optibench,sample_588,all_pinned,5,0,0,cache
gt,optibench,sample_599,unattributed,0,1,0,none
gt,optibench,sample_577,all_pinned,9,0,1,cache
gt,optibench,sample_598,all_pinned,5,0,1,cache
gt,optibench,sample_602,unattributed,0,1,0,none
gt,optibench,sample_603,unattributed,0,1,0,none
gt,optibench,sample_597,all_pinned,5,0,1,cache
gt,optibench,sample_564,all_pinned,8,0,1,cache
gt,optibench,sample_595,all_pinned,7,0,1,cache
gt,optibench,sample_600,all_pinned,7,0,1,cache
gt,optibench,sample_596,all_pinned,13,0,1,cache
gt,optibench,sample_542,all_pinned,11,0,0,cache
gt,optibench,sample_573,all_pinned,9,0,0,cache
gt,optibench,sample_578,all_pinned,12,0,1,cache
gt,optibench,sample_589,all_pinned,13,0,0,cache
gt,optibench,sample_591,all_pinned,13,0,1,cache
gt,optibench,sample_605,all_pinned,13,0,0,cache
gt,optibench,sample_604,all_pinned,12,0,1,cache
gt,optibench,sample_601,all_pinned,13,0,1,cache
gt,mamo_c,sample_12,unattributed,0,1,0,none
gt,mamo_c,sample_9,all_pinned,4,0,0,cache
gt,mamo_c,sample_8,all_pinned,4,0,1,cache
gt,mamo_c,sample_10,all_pinned,4,0,0,cache
gt,mamo_c,sample_4,all_pinned,4,0,0,cache
gt,mamo_c,sample_17,all_pinned,4,0,1,cache
gt,mamo_c,sample_11,all_pinned,4,0,0,cache
gt,mamo_c,sample_5,all_pinned,5,0,0,cache
gt,mamo_c,sample_6,all_pinned,5,0,1,cache
gt,mamo_c,sample_13,all_pinned,5,0,1,cache
gt,mamo_c,sample_20,all_pinned,4,0,0,cache
gt,mamo_c,sample_15,all_pinned,4,0,1,cache
gt,mamo_c,sample_22,all_pinned,4,0,0,cache
gt,mamo_c,sample_25,all_pinned,4,0,1,cache
gt,mamo_c,sample_7,all_pinned,9,0,0,cache
gt,mamo_c,sample_27,any_variant,3,0,0,cache
gt,mamo_c,sample_1,all_pinned,10,0,0,cache
gt,mamo_c,sample_24,all_pinned,6,0,0,cache
gt,mamo_c,sample_18,all_pinned,6,0,1,cache
gt,mamo_c,sample_2,all_pinned,11,0,0,cache
gt,mamo_c,sample_31,all_pinned,3,0,0,cache
gt,mamo_c,sample_28,all_pinned,6,0,1,cache
gt,mamo_c,sample_30,all_pinned,5,0,1,cache
gt,mamo_c,sample_32,all_pinned,10,0,1,cache
gt,mamo_c,sample_26,all_pinned,8,0,1,cache
gt,mamo_c,sample_37,any_variant,4,0,1,cache
gt,mamo_c,sample_16,all_pinned,13,0,0,cache
gt,mamo_c,sample_3,all_pinned,11,0,0,cache
gt,mamo_c,sample_23,all_pinned,13,0,1,cache
gt,mamo_c,sample_36,all_pinned,6,0,0,cache
gt,mamo_c,sample_35,all_pinned,6,0,1,cache
gt,mamo_c,sample_40,all_pinned,4,0,1,cache
gt,mamo_c,sample_29,all_pinned,9,0,1,cache
gt,mamo_c,sample_39,any_variant,6,0,1,cache
gt,mamo_c,sample_41,all_pinned,4,0,1,cache
gt,mamo_c,sample_38,all_pinned,6,0,1,cache
gt,mamo_c,sample_33,all_pinned,9,0,1,cache
gt,mamo_c,sample_14,any_variant,13,0,1,cache
gt,mamo_c,sample_19,all_pinned,11,0,1,cache
gt,mamo_c,sample_42,all_pinned,5,0,1,cache
gt,mamo_c,sample_52,all_pinned,3,0,1,cache
gt,mamo_c,sample_53,unattributed,0,1,0,none
gt,mamo_c,sample_43,all_pinned,4,0,1,cache
gt,mamo_c,sample_55,all_pinned,4,0,1,cache
gt,mamo_c,sample_34,all_pinned,13,0,0,cache
gt,mamo_c,sample_47,all_pinned,6,0,0,cache
gt,mamo_c,sample_44,all_pinned,5,0,1,cache
gt,mamo_c,sample_56,all_pinned,4,0,0,cache
gt,mamo_c,sample_58,all_pinned,4,0,0,cache
gt,mamo_c,sample_50,all_pinned,6,0,1,cache
gt,mamo_c,sample_59,all_pinned,4,0,1,cache
gt,mamo_c,sample_21,all_pinned,13,0,0,cache
gt,mamo_c,sample_57,all_pinned,4,0,0,cache
gt,mamo_c,sample_49,all_pinned,6,0,0,cache
gt,mamo_c,sample_54,all_pinned,6,0,1,cache
gt,mamo_c,sample_48,all_pinned,11,0,1,cache
gt,mamo_c,sample_64,all_pinned,4,0,0,cache
gt,mamo_c,sample_61,all_pinned,5,0,0,cache
gt,mamo_c,sample_65,all_pinned,6,0,1,cache
gt,mamo_c,sample_62,all_pinned,5,0,1,cache
gt,mamo_c,sample_68,all_pinned,9,0,1,cache
gt,mamo_c,sample_67,all_pinned,5,0,1,cache
gt,mamo_c,sample_71,all_pinned,5,0,0,cache
gt,mamo_c,sample_75,all_pinned,4,0,1,cache
gt,mamo_c,sample_66,all_pinned,8,0,0,cache
gt,mamo_c,sample_77,all_pinned,4,0,1,cache
gt,mamo_c,sample_72,all_pinned,5,0,1,cache
gt,mamo_c,sample_70,all_pinned,7,0,1,cache
gt,mamo_c,sample_76,all_pinned,6,0,1,cache
gt,mamo_c,sample_78,all_pinned,4,0,0,cache
gt,mamo_c,sample_46,all_pinned,10,0,1,cache
gt,mamo_c,sample_60,all_pinned,7,0,0,cache
gt,mamo_c,sample_81,all_pinned,5,0,1,cache
gt,mamo_c,sample_84,all_pinned,4,0,0,cache
gt,mamo_c,sample_45,all_pinned,8,0,0,cache
gt,mamo_c,sample_86,all_pinned,4,0,1,cache
gt,mamo_c,sample_88,all_pinned,6,0,0,cache
gt,mamo_c,sample_82,all_pinned,7,0,1,cache
gt,mamo_c,sample_80,all_pinned,6,0,1,cache
gt,mamo_c,sample_91,any_variant,3,0,0,cache
gt,mamo_c,sample_92,all_pinned,4,0,0,cache
gt,mamo_c,sample_69,any_variant,7,0,0,cache
gt,mamo_c,sample_90,all_pinned,4,0,1,cache
gt,mamo_c,sample_93,all_pinned,6,0,0,cache
gt,mamo_c,sample_51,all_pinned,13,0,0,cache
gt,mamo_c,sample_97,any_variant,3,0,0,cache
gt,mamo_c,sample_63,all_pinned,10,0,0,cache
gt,mamo_c,sample_98,all_pinned,4,0,1,cache
gt,mamo_c,sample_73,all_pinned,11,0,0,cache
gt,mamo_c,sample_85,all_pinned,7,0,0,cache
gt,mamo_c,sample_74,all_pinned,11,0,0,cache
gt,mamo_c,sample_103,all_pinned,8,0,1,cache
gt,mamo_c,sample_104,any_variant,3,0,0,cache
gt,mamo_c,sample_96,all_pinned,6,0,0,cache
gt,mamo_c,sample_83,any_variant,10,0,1,cache
gt,mamo_c,sample_95,all_pinned,5,0,1,cache
gt,mamo_c,sample_89,all_pinned,10,0,1,cache
gt,mamo_c,sample_79,all_pinned,13,0,1,cache
gt,mamo_c,sample_105,all_pinned,5,0,0,cache
gt,mamo_c,sample_101,all_pinned,8,0,0,cache
gt,mamo_c,sample_106,all_pinned,7,0,1,cache
gt,mamo_c,sample_107,all_pinned,6,0,0,cache
gt,mamo_c,sample_100,all_pinned,8,0,0,cache
gt,mamo_c,sample_102,all_pinned,7,0,0,cache
gt,mamo_c,sample_110,all_pinned,6,0,1,cache
gt,mamo_c,sample_94,all_pinned,13,0,1,cache
gt,mamo_c,sample_116,all_pinned,6,0,0,cache
gt,mamo_c,sample_87,all_pinned,13,0,0,cache
gt,mamo_c,sample_99,all_pinned,13,0,1,cache
gt,mamo_c,sample_118,all_pinned,5,0,1,cache
gt,mamo_c,sample_115,all_pinned,8,0,0,cache
gt,mamo_c,sample_111,all_pinned,13,0,1,cache
gt,mamo_c,sample_112,all_pinned,9,0,1,cache
gt,mamo_c,sample_123,all_pinned,6,0,1,cache
gt,mamo_c,sample_109,all_pinned,13,0,0,cache
gt,mamo_c,sample_108,all_pinned,13,0,0,cache
gt,mamo_c,sample_120,all_pinned,8,0,0,cache
gt,mamo_c,sample_114,all_pinned,13,0,1,cache
gt,mamo_c,sample_113,all_pinned,13,0,0,cache
gt,mamo_c,sample_131,any_variant,3,0,0,cache
gt,mamo_c,sample_132,any_variant,3,0,1,cache
gt,mamo_c,sample_130,all_pinned,6,0,1,cache
gt,mamo_c,sample_117,all_pinned,12,0,1,cache
gt,mamo_c,sample_134,all_pinned,4,0,0,cache
gt,mamo_c,sample_121,all_pinned,9,0,0,cache
gt,mamo_c,sample_126,all_pinned,5,0,0,cache
gt,mamo_c,sample_138,all_pinned,3,0,1,cache
gt,mamo_c,sample_139,all_pinned,4,0,0,cache
gt,mamo_c,sample_122,all_pinned,13,0,0,cache
gt,mamo_c,sample_136,all_pinned,6,0,1,cache
gt,mamo_c,sample_137,all_pinned,6,0,0,cache
gt,mamo_c,sample_135,all_pinned,6,0,0,cache
gt,mamo_c,sample_119,all_pinned,13,0,1,cache
gt,mamo_c,sample_144,all_pinned,4,0,0,cache
gt,mamo_c,sample_142,all_pinned,4,0,0,cache
gt,mamo_c,sample_129,all_pinned,5,0,1,cache
gt,mamo_c,sample_145,all_pinned,4,0,0,cache
gt,mamo_c,sample_147,all_pinned,4,0,0,cache
gt,mamo_c,sample_146,all_pinned,4,0,0,cache
gt,mamo_c,sample_143,all_pinned,5,0,0,cache
gt,mamo_c,sample_152,all_pinned,4,0,0,cache
gt,mamo_c,sample_151,all_pinned,4,0,0,cache
gt,mamo_c,sample_128,all_pinned,6,0,0,cache
gt,mamo_c,sample_148,all_pinned,4,0,0,cache
gt,mamo_c,sample_153,all_pinned,4,0,0,cache
gt,mamo_c,sample_154,all_pinned,4,0,0,cache
gt,mamo_c,sample_149,all_pinned,5,0,0,cache
gt,mamo_c,sample_150,all_pinned,5,0,0,cache
gt,mamo_c,sample_155,all_pinned,4,0,1,cache
gt,mamo_c,sample_125,all_pinned,13,0,1,cache
gt,mamo_c,sample_141,all_pinned,8,0,0,cache
gt,mamo_c,sample_156,all_pinned,6,0,1,cache
gt,mamo_c,sample_160,any_variant,6,0,1,cache
gt,mamo_c,sample_165,all_pinned,4,0,1,cache
gt,mamo_c,sample_133,any_variant,13,0,1,cache
gt,mamo_c,sample_157,all_pinned,6,0,1,cache
gt,mamo_c,sample_124,all_pinned,13,0,1,cache
gt,mamo_c,sample_169,any_variant,6,0,0,cache
gt,mamo_c,sample_127,all_pinned,13,0,1,cache
gt,mamo_c,sample_140,all_pinned,13,0,0,cache
gt,mamo_c,sample_171,any_variant,6,0,1,cache
gt,mamo_c,sample_163,all_pinned,8,0,1,cache
gt,mamo_c,sample_162,all_pinned,13,0,0,cache
gt,mamo_c,sample_159,all_pinned,12,0,1,cache
gt,mamo_c,sample_166,all_pinned,12,0,1,cache
gt,mamo_c,sample_176,all_pinned,4,0,0,cache
gt,mamo_c,sample_167,all_pinned,8,0,1,cache
gt,mamo_c,sample_161,all_pinned,13,0,0,cache
gt,mamo_c,sample_175,all_pinned,6,0,1,cache
gt,mamo_c,sample_179,all_pinned,4,0,1,cache
gt,mamo_c,sample_180,all_pinned,4,0,1,cache
gt,mamo_c,sample_178,all_pinned,8,0,1,cache
gt,mamo_c,sample_158,all_pinned,13,0,0,cache
gt,mamo_c,sample_185,all_pinned,4,0,1,cache
gt,mamo_c,sample_168,all_pinned,13,0,0,cache
gt,mamo_c,sample_170,any_variant,13,0,1,cache
gt,mamo_c,sample_184,all_pinned,4,0,0,cache
gt,mamo_c,sample_174,any_variant,13,0,1,cache
gt,mamo_c,sample_181,all_pinned,8,0,1,cache
gt,mamo_c,sample_173,all_pinned,13,0,1,cache
gt,mamo_c,sample_189,all_pinned,4,0,1,cache
gt,mamo_c,sample_187,all_pinned,7,0,0,cache
gt,mamo_c,sample_194,unattributed,0,1,0,none
gt,mamo_c,sample_193,all_pinned,4,0,1,cache
gt,mamo_c,sample_172,all_pinned,13,0,0,cache
gt,mamo_c,sample_186,all_pinned,8,0,1,cache
gt,mamo_c,sample_177,all_pinned,13,0,0,cache
gt,mamo_c,sample_199,all_pinned,4,0,1,cache
gt,mamo_c,sample_195,all_pinned,9,0,1,cache
gt,mamo_c,sample_201,any_variant,4,0,1,cache
gt,mamo_c,sample_196,all_pinned,7,0,1,cache
gt,mamo_c,sample_203,all_pinned,4,0,1,cache
gt,mamo_c,sample_192,all_pinned,7,0,1,cache
gt,mamo_c,sample_164,all_pinned,13,0,1,cache
gt,mamo_c,sample_206,any_variant,3,0,1,cache
gt,mamo_c,sample_190,all_pinned,7,0,0,cache
gt,mamo_c,sample_200,all_pinned,5,0,1,cache
gt,mamo_c,sample_209,any_variant,4,0,1,cache
gt,mamo_c,sample_210,unattributed,0,1,0,none
gt,mamo_c,sample_202,all_pinned,4,0,1,cache
gt,mamo_c,sample_191,all_pinned,8,0,1,cache
gt,mamo_c,sample_211,all_pinned,4,0,1,cache
gt,mamo_c,sample_208,all_pinned,7,0,1,cache
gt,mamo_c,sample_205,all_pinned,5,0,0,cache
gt,mamo_c,sample_197,all_pinned,13,0,1,cache
gt,mamo_c,sample_182,all_pinned,13,0,0,cache
gt,mamo_c,sample_207,all_pinned,8,0,1,cache
gt,mamo_c,sample_183,all_pinned,13,0,0,cache
gt,mamo_c,sample_198,all_pinned,13,0,0,cache
gt,mamo_c,sample_204,all_pinned,13,0,1,cache
gt,mamo_c,sample_188,all_pinned,13,0,0,cache
gt,complexor,sample_10,all_pinned,3,0,0,cache
gt,complexor,sample_4,all_pinned,3,0,0,cache
gt,complexor,sample_6,all_pinned,3,0,1,cache
gt,complexor,sample_3,all_pinned,3,0,1,cache
gt,complexor,sample_5,all_pinned,6,0,1,cache
gt,complexor,sample_8,all_pinned,5,0,1,cache
gt,complexor,sample_12,all_pinned,3,0,1,cache
gt,complexor,sample_9,all_pinned,7,0,1,cache
gt,complexor,sample_11,all_pinned,4,0,1,cache
gt,complexor,sample_15,all_pinned,3,0,1,cache
gt,complexor,sample_17,all_pinned,4,0,0,cache
gt,complexor,sample_13,all_pinned,6,0,1,cache
gt,complexor,sample_16,all_pinned,4,0,1,cache
gt,complexor,sample_2,all_pinned,4,0,1,cache
gt,complexor,sample_14,all_pinned,7,0,0,cache
gt,complexor,sample_1,all_pinned,10,0,0,cache
gt,complexor,sample_18,all_pinned,8,0,1,cache
gt,complexor,sample_7,all_pinned,13,0,0,cache
gt,industryor,sample_9,unattributed,0,1,0,none
gt,industryor,sample_5,unattributed,0,1,0,none
gt,industryor,sample_11,all_pinned,5,0,1,cache
gt,industryor,sample_7,all_pinned,4,0,1,cache
gt,industryor,sample_1,all_pinned,4,0,1,cache
gt,industryor,sample_2,all_pinned,4,0,1,cache
gt,industryor,sample_13,all_pinned,4,0,1,cache
gt,industryor,sample_4,all_pinned,5,0,1,cache
gt,industryor,sample_14,all_pinned,7,0,0,cache
gt,industryor,sample_19,all_pinned,4,0,0,cache
gt,industryor,sample_6,all_pinned,6,0,1,cache
gt,industryor,sample_23,all_pinned,3,0,1,cache
gt,industryor,sample_15,all_pinned,5,0,0,cache
gt,industryor,sample_25,all_pinned,3,0,1,cache
gt,industryor,sample_18,all_pinned,6,0,1,cache
gt,industryor,sample_27,all_pinned,4,0,0,cache
gt,industryor,sample_17,all_pinned,7,0,1,cache
gt,industryor,sample_20,all_pinned,5,0,1,cache
gt,industryor,sample_26,all_pinned,5,0,1,cache
gt,industryor,sample_22,all_pinned,8,0,1,cache
gt,industryor,sample_24,all_pinned,7,0,1,cache
gt,industryor,sample_3,all_pinned,11,0,1,cache
gt,industryor,sample_30,all_pinned,5,0,0,cache
gt,industryor,sample_10,all_pinned,13,0,1,cache
gt,industryor,sample_29,all_pinned,7,0,0,cache
gt,industryor,sample_34,all_pinned,7,0,0,cache
gt,industryor,sample_35,all_pinned,7,0,1,cache
gt,industryor,sample_37,all_pinned,5,0,0,cache
gt,industryor,sample_39,all_pinned,4,0,0,cache
gt,industryor,sample_8,all_pinned,13,0,0,cache
gt,industryor,sample_32,all_pinned,7,0,0,cache
gt,industryor,sample_42,all_pinned,3,0,1,cache
gt,industryor,sample_44,all_pinned,5,0,1,cache
gt,industryor,sample_31,all_pinned,13,0,0,cache
gt,industryor,sample_16,all_pinned,13,0,0,cache
gt,industryor,sample_28,all_pinned,13,0,0,cache
gt,industryor,sample_47,all_pinned,6,0,0,cache
gt,industryor,sample_43,all_pinned,6,0,0,cache
gt,industryor,sample_21,all_pinned,13,0,0,cache
gt,industryor,sample_46,all_pinned,5,0,0,cache
gt,industryor,sample_52,all_pinned,5,0,0,cache
gt,industryor,sample_12,all_pinned,13,0,0,cache
gt,industryor,sample_49,all_pinned,6,0,0,cache
gt,industryor,sample_36,all_pinned,13,0,0,cache
gt,industryor,sample_33,all_pinned,13,0,0,cache
gt,industryor,sample_57,all_pinned,5,0,0,cache
gt,industryor,sample_58,all_pinned,4,0,0,cache
gt,industryor,sample_56,all_pinned,4,0,0,cache
gt,industryor,sample_40,all_pinned,12,0,0,cache
gt,industryor,sample_61,all_pinned,4,0,1,cache
gt,industryor,sample_45,all_pinned,13,0,0,cache
gt,industryor,sample_38,all_pinned,13,0,0,cache
gt,industryor,sample_41,all_pinned,13,0,0,cache
gt,industryor,sample_51,all_pinned,13,0,0,cache
gt,industryor,sample_55,all_pinned,13,0,0,cache
gt,industryor,sample_64,all_pinned,6,0,0,cache
gt,industryor,sample_53,all_pinned,13,0,0,cache
gt,industryor,sample_50,all_pinned,13,0,0,cache
gt,industryor,sample_60,all_pinned,10,0,0,cache
gt,industryor,sample_63,all_pinned,13,0,0,cache
gt,industryor,sample_54,all_pinned,13,0,0,cache
gt,industryor,sample_73,all_pinned,4,0,1,cache
gt,industryor,sample_62,all_pinned,13,0,0,cache
gt,industryor,sample_59,all_pinned,12,0,1,cache
gt,industryor,sample_67,all_pinned,13,0,0,cache
gt,industryor,sample_74,all_pinned,4,0,0,cache
gt,industryor,sample_78,all_pinned,4,0,0,cache
gt,industryor,sample_79,unattributed,0,1,0,none
gt,industryor,sample_72,all_pinned,6,0,1,cache
gt,industryor,sample_76,all_pinned,5,0,1,cache
gt,industryor,sample_66,all_pinned,13,0,0,cache
gt,industryor,sample_80,all_pinned,5,0,0,cache
gt,industryor,sample_65,all_pinned,11,0,0,cache
gt,industryor,sample_48,all_pinned,12,0,0,cache
gt,industryor,sample_71,all_pinned,13,0,1,cache
gt,industryor,sample_85,all_pinned,4,0,0,cache
gt,industryor,sample_88,all_pinned,4,0,1,cache
gt,industryor,sample_84,all_pinned,6,0,0,cache
gt,industryor,sample_90,unattributed,0,1,0,none
gt,industryor,sample_81,all_pinned,10,0,0,cache
gt,industryor,sample_92,all_pinned,5,0,1,cache
gt,industryor,sample_86,all_pinned,8,0,1,cache
gt,industryor,sample_77,all_pinned,8,0,0,cache
gt,industryor,sample_94,all_pinned,6,0,0,cache
gt,industryor,sample_93,all_pinned,6,0,0,cache
gt,industryor,sample_95,all_pinned,6,0,1,cache
gt,industryor,sample_98,all_pinned,6,0,0,cache
gt,industryor,sample_68,all_pinned,13,0,0,cache
gt,industryor,sample_75,all_pinned,13,0,0,cache
gt,industryor,sample_82,all_pinned,12,0,0,cache
gt,industryor,sample_96,all_pinned,9,0,0,cache
gt,industryor,sample_100,all_pinned,9,0,0,cache
gt,industryor,sample_87,all_pinned,12,0,0,cache
gt,industryor,sample_83,all_pinned,12,0,0,cache
gt,industryor,sample_97,all_pinned,9,0,0,cache
gt,industryor,sample_91,all_pinned,13,0,1,cache
gt,industryor,sample_89,all_pinned,13,0,0,cache
gt,industryor,sample_99,all_pinned,13,0,0,cache
gt,industryor,sample_69,all_pinned,13,0,0,cache
gt,industryor,sample_70,all_pinned,13,0,0,cache
gt,optmath,sample_12,unattributed,0,1,0,none
gt,optmath,sample_8,all_pinned,4,0,1,cache
gt,optmath,sample_1,all_pinned,4,0,1,cache
gt,optmath,sample_11,all_pinned,6,0,0,cache
gt,optmath,sample_14,all_pinned,4,0,1,cache
gt,optmath,sample_3,all_pinned,8,0,1,cache
gt,optmath,sample_18,all_pinned,3,0,1,cache
gt,optmath,sample_19,unattributed,0,1,0,none
gt,optmath,sample_17,all_pinned,7,0,1,cache
gt,optmath,sample_20,all_pinned,3,0,0,cache
gt,optmath,sample_2,all_pinned,7,0,1,cache
gt,optmath,sample_22,all_pinned,4,0,0,cache
gt,optmath,sample_5,all_pinned,8,0,0,cache
gt,optmath,sample_9,all_pinned,4,0,1,cache
gt,optmath,sample_16,all_pinned,6,0,1,cache
gt,optmath,sample_4,all_pinned,7,0,1,cache
gt,optmath,sample_10,all_pinned,12,0,0,cache
gt,optmath,sample_29,all_pinned,4,0,0,cache
gt,optmath,sample_30,all_pinned,5,0,1,cache
gt,optmath,sample_27,all_pinned,13,0,1,cache
gt,optmath,sample_13,all_pinned,12,0,0,cache
gt,optmath,sample_7,all_pinned,13,0,0,cache
gt,optmath,sample_21,all_pinned,8,0,0,cache
gt,optmath,sample_23,all_pinned,13,0,0,cache
gt,optmath,sample_31,all_pinned,6,0,0,cache
gt,optmath,sample_25,all_pinned,11,0,1,cache
gt,optmath,sample_36,all_pinned,4,0,0,cache
gt,optmath,sample_28,all_pinned,13,0,0,cache
gt,optmath,sample_6,all_pinned,13,0,1,cache
gt,optmath,sample_39,all_pinned,3,0,0,cache
gt,optmath,sample_42,all_pinned,5,0,1,cache
gt,optmath,sample_37,all_pinned,5,0,1,cache
gt,optmath,sample_43,all_pinned,4,0,0,cache
gt,optmath,sample_32,all_pinned,13,0,0,cache
gt,optmath,sample_26,all_pinned,12,0,1,cache
gt,optmath,sample_40,all_pinned,7,0,1,cache
gt,optmath,sample_34,all_pinned,10,0,1,cache
gt,optmath,sample_35,all_pinned,11,0,1,cache
gt,optmath,sample_41,all_pinned,4,0,1,cache
gt,optmath,sample_50,all_pinned,4,0,0,cache
gt,optmath,sample_46,all_pinned,4,0,1,cache
gt,optmath,sample_51,all_pinned,4,0,0,cache
gt,optmath,sample_45,all_pinned,6,0,1,cache
gt,optmath,sample_44,all_pinned,4,0,0,cache
gt,optmath,sample_56,all_pinned,5,0,1,cache
gt,optmath,sample_15,all_pinned,13,0,0,cache
gt,optmath,sample_47,all_pinned,6,0,1,cache
gt,optmath,sample_38,all_pinned,6,0,1,cache
gt,optmath,sample_49,all_pinned,5,0,0,cache
gt,optmath,sample_57,all_pinned,5,0,0,cache
gt,optmath,sample_48,all_pinned,5,0,0,cache
gt,optmath,sample_63,all_pinned,5,0,0,cache
gt,optmath,sample_60,all_pinned,8,0,0,cache
gt,optmath,sample_59,all_pinned,6,0,1,cache
gt,optmath,sample_24,all_pinned,13,0,0,cache
gt,optmath,sample_64,all_pinned,5,0,1,cache
gt,optmath,sample_66,all_pinned,5,0,1,cache
gt,optmath,sample_58,all_pinned,8,0,0,cache
gt,optmath,sample_33,all_pinned,13,0,0,cache
gt,optmath,sample_62,all_pinned,8,0,0,cache
gt,optmath,sample_70,all_pinned,4,0,1,cache
gt,optmath,sample_61,all_pinned,12,0,1,cache
gt,optmath,sample_67,all_pinned,7,0,1,cache
gt,optmath,sample_54,all_pinned,13,0,0,cache
gt,optmath,sample_73,all_pinned,7,0,0,cache
gt,optmath,sample_53,all_pinned,9,0,0,cache
gt,optmath,sample_52,all_pinned,13,0,0,cache
gt,optmath,sample_55,all_pinned,13,0,1,cache
gt,optmath,sample_74,all_pinned,11,0,1,cache
gt,optmath,sample_68,all_pinned,9,0,1,cache
gt,optmath,sample_72,all_pinned,7,0,0,cache
gt,optmath,sample_83,all_pinned,5,0,1,cache
gt,optmath,sample_79,all_pinned,4,0,0,cache
gt,optmath,sample_85,all_pinned,4,0,1,cache
gt,optmath,sample_81,all_pinned,3,0,0,cache
gt,optmath,sample_82,all_pinned,4,0,0,cache
gt,optmath,sample_87,all_pinned,4,0,0,cache
gt,optmath,sample_86,all_pinned,6,0,1,cache
gt,optmath,sample_65,all_pinned,11,0,1,cache
gt,optmath,sample_91,all_pinned,4,0,1,cache
gt,optmath,sample_90,all_pinned,6,0,1,cache
gt,optmath,sample_89,all_pinned,7,0,0,cache
gt,optmath,sample_77,all_pinned,13,0,0,cache
gt,optmath,sample_92,all_pinned,5,0,0,cache
gt,optmath,sample_71,all_pinned,13,0,1,cache
gt,optmath,sample_84,all_pinned,12,0,1,cache
gt,optmath,sample_97,all_pinned,4,0,0,cache
gt,optmath,sample_93,all_pinned,6,0,0,cache
gt,optmath,sample_94,all_pinned,8,0,1,cache
gt,optmath,sample_98,all_pinned,5,0,0,cache
gt,optmath,sample_101,all_pinned,5,0,1,cache
gt,optmath,sample_80,all_pinned,13,0,0,cache
gt,optmath,sample_104,all_pinned,4,0,0,cache
gt,optmath,sample_95,all_pinned,4,0,1,cache
gt,optmath,sample_88,all_pinned,13,0,1,cache
gt,optmath,sample_96,all_pinned,6,0,0,cache
gt,optmath,sample_102,all_pinned,5,0,0,cache
gt,optmath,sample_75,all_pinned,13,0,0,cache
gt,optmath,sample_78,all_pinned,13,0,0,cache
gt,optmath,sample_108,all_pinned,4,0,0,cache
gt,optmath,sample_100,all_pinned,10,0,0,cache
gt,optmath,sample_99,all_pinned,11,0,1,cache
gt,optmath,sample_112,all_pinned,4,0,0,cache
gt,optmath,sample_110,all_pinned,8,0,1,cache
gt,optmath,sample_69,all_pinned,13,0,0,cache
gt,optmath,sample_76,all_pinned,13,0,1,cache
gt,optmath,sample_109,all_pinned,8,0,1,cache
gt,optmath,sample_105,all_pinned,8,0,0,cache
gt,optmath,sample_115,all_pinned,4,0,0,cache
gt,optmath,sample_120,all_pinned,4,0,1,cache
gt,optmath,sample_119,all_pinned,5,0,1,cache
gt,optmath,sample_103,all_pinned,12,0,1,cache
gt,optmath,sample_122,all_pinned,4,0,1,cache
gt,optmath,sample_121,all_pinned,5,0,0,cache
gt,optmath,sample_126,all_pinned,4,0,1,cache
gt,optmath,sample_124,all_pinned,4,0,1,cache
gt,optmath,sample_107,all_pinned,10,0,0,cache
gt,optmath,sample_125,all_pinned,4,0,1,cache
gt,optmath,sample_127,all_pinned,4,0,0,cache
gt,optmath,sample_123,all_pinned,4,0,1,cache
gt,optmath,sample_117,all_pinned,11,0,0,cache
gt,optmath,sample_118,all_pinned,6,0,1,cache
gt,optmath,sample_106,all_pinned,13,0,0,cache
gt,optmath,sample_113,all_pinned,8,0,1,cache
gt,optmath,sample_116,all_pinned,13,0,0,cache
gt,optmath,sample_128,all_pinned,7,0,1,cache
gt,optmath,sample_130,all_pinned,7,0,1,cache
gt,optmath,sample_139,all_pinned,6,0,1,cache
gt,optmath,sample_138,all_pinned,5,0,1,cache
gt,optmath,sample_129,all_pinned,8,0,0,cache
gt,optmath,sample_111,all_pinned,13,0,0,cache
gt,optmath,sample_143,all_pinned,4,0,1,cache
gt,optmath,sample_135,all_pinned,9,0,1,cache
gt,optmath,sample_144,all_pinned,4,0,1,cache
gt,optmath,sample_133,all_pinned,10,0,1,cache
gt,optmath,sample_132,all_pinned,11,0,0,cache
gt,optmath,sample_145,all_pinned,5,0,1,cache
gt,optmath,sample_136,all_pinned,10,0,1,cache
gt,optmath,sample_146,all_pinned,5,0,1,cache
gt,optmath,sample_141,all_pinned,6,0,1,cache
gt,optmath,sample_148,all_pinned,5,0,1,cache
gt,optmath,sample_151,all_pinned,5,0,1,cache
gt,optmath,sample_114,all_pinned,13,0,0,cache
gt,optmath,sample_149,all_pinned,6,0,1,cache
gt,optmath,sample_155,all_pinned,5,0,1,cache
gt,optmath,sample_157,all_pinned,5,0,1,cache
gt,optmath,sample_153,all_pinned,7,0,1,cache
gt,optmath,sample_131,all_pinned,13,0,1,cache
gt,optmath,sample_140,all_pinned,13,0,0,cache
gt,optmath,sample_137,all_pinned,13,0,0,cache
gt,optmath,sample_160,all_pinned,5,0,1,cache
gt,optmath,sample_163,all_pinned,4,0,1,cache
gt,optmath,sample_159,all_pinned,6,0,1,cache
gt,optmath,sample_150,all_pinned,13,0,1,cache
gt,optmath,sample_134,all_pinned,13,0,1,cache
gt,optmath,sample_154,all_pinned,8,0,1,cache
gt,optmath,sample_166,all_pinned,4,0,1,cache
gt,optmath,sample_142,all_pinned,13,0,1,cache
gt,optmath,sample_161,all_pinned,8,0,1,cache
gt,optmath,sample_162,all_pinned,5,0,1,cache
gt,optmath,sample_147,all_pinned,13,0,0,cache
gt,optmath,sample_165,all_pinned,8,0,1,cache
gt,optmath,sample_158,all_pinned,13,0,1,cache
gt,optmath,sample_164,all_pinned,13,0,1,cache
gt,optmath,sample_156,all_pinned,13,0,0,cache
gt,optmath,sample_152,all_pinned,13,0,0,cache
vote,optibench,sample_5,all_pinned,4,0,0,cache
vote,optibench,sample_4,all_pinned,4,0,1,cache
vote,optibench,sample_9,all_pinned,5,0,1,cache
vote,optibench,sample_10,all_pinned,5,0,1,cache
vote,optibench,sample_11,all_pinned,4,0,1,cache
vote,optibench,sample_17,all_pinned,4,0,1,cache
vote,optibench,sample_3,all_pinned,7,0,1,cache
vote,optibench,sample_6,all_pinned,5,0,1,cache
vote,optibench,sample_8,all_pinned,6,0,1,cache
vote,optibench,sample_14,all_pinned,4,0,1,cache
vote,optibench,sample_12,all_pinned,9,0,1,cache
vote,optibench,sample_20,all_pinned,3,0,1,cache
vote,optibench,sample_16,all_pinned,5,0,1,cache
vote,optibench,sample_13,all_pinned,6,0,1,cache
vote,optibench,sample_15,all_pinned,4,0,0,cache
vote,optibench,sample_1,all_pinned,10,0,1,cache
vote,optibench,sample_18,all_pinned,5,0,1,cache
vote,optibench,sample_21,all_pinned,7,0,0,cache
vote,optibench,sample_22,all_pinned,4,0,0,cache
vote,optibench,sample_23,all_pinned,4,0,1,cache
vote,optibench,sample_28,all_pinned,3,0,1,cache
vote,optibench,sample_27,all_pinned,4,0,1,cache
vote,optibench,sample_31,all_pinned,5,0,1,cache
vote,optibench,sample_25,all_pinned,7,0,1,cache
vote,optibench,sample_32,all_pinned,6,0,1,cache
vote,optibench,sample_24,all_pinned,7,0,1,cache
vote,optibench,sample_38,all_pinned,3,0,0,cache
vote,optibench,sample_29,all_pinned,5,0,1,cache
vote,optibench,sample_36,all_pinned,7,0,1,cache
vote,optibench,sample_40,all_pinned,5,0,1,cache
vote,optibench,sample_26,all_pinned,7,0,0,cache
vote,optibench,sample_37,all_pinned,10,0,1,cache
vote,optibench,sample_33,all_pinned,7,0,0,cache
vote,optibench,sample_34,all_pinned,7,0,0,cache
vote,optibench,sample_30,all_pinned,13,0,0,cache
vote,optibench,sample_7,all_pinned,11,0,0,cache
vote,optibench,sample_47,unattributed,0,1,0,none
vote,optibench,sample_42,all_pinned,3,0,1,cache
vote,optibench,sample_41,all_pinned,5,0,0,cache
vote,optibench,sample_48,all_pinned,5,0,0,cache
vote,optibench,sample_39,all_pinned,7,0,0,cache
vote,optibench,sample_2,all_pinned,11,0,0,cache
vote,optibench,sample_19,all_pinned,13,0,0,cache
vote,optibench,sample_46,all_pinned,6,0,1,cache
vote,optibench,sample_35,all_pinned,10,0,1,cache
vote,optibench,sample_51,all_pinned,7,0,1,cache
vote,optibench,sample_43,all_pinned,13,0,0,cache
vote,optibench,sample_44,all_pinned,10,0,0,cache
vote,optibench,sample_50,all_pinned,13,0,0,cache
vote,optibench,sample_52,all_pinned,8,0,1,cache
vote,optibench,sample_57,all_pinned,5,0,1,cache
vote,optibench,sample_58,all_pinned,5,0,1,cache
vote,optibench,sample_63,all_pinned,3,0,1,cache
vote,optibench,sample_54,all_pinned,5,0,1,cache
vote,optibench,sample_62,all_pinned,6,0,1,cache
vote,optibench,sample_61,all_pinned,5,0,1,cache
vote,optibench,sample_59,all_pinned,5,0,1,cache
vote,optibench,sample_45,all_pinned,13,0,1,cache
vote,optibench,sample_66,all_pinned,6,0,1,cache
vote,optibench,sample_64,all_pinned,6,0,1,cache
vote,optibench,sample_56,all_pinned,7,0,1,cache
vote,optibench,sample_69,all_pinned,5,0,1,cache
vote,optibench,sample_60,all_pinned,10,0,0,cache
vote,optibench,sample_53,all_pinned,10,0,0,cache
vote,optibench,sample_68,all_pinned,7,0,1,cache
vote,optibench,sample_55,all_pinned,13,0,1,cache
vote,optibench,sample_67,all_pinned,6,0,0,cache
vote,optibench,sample_70,all_pinned,5,0,1,cache
vote,optibench,sample_72,all_pinned,3,0,1,cache
vote,optibench,sample_74,all_pinned,4,0,1,cache
vote,optibench,sample_75,all_pinned,4,0,1,cache
vote,optibench,sample_80,all_pinned,4,0,1,cache
vote,optibench,sample_71,all_pinned,4,0,1,cache
vote,optibench,sample_65,all_pinned,8,0,1,cache
vote,optibench,sample_82,all_pinned,4,0,1,cache
vote,optibench,sample_73,all_pinned,4,0,0,cache
vote,optibench,sample_78,all_pinned,5,0,1,cache
vote,optibench,sample_81,all_pinned,4,0,0,cache
vote,optibench,sample_84,all_pinned,4,0,1,cache
vote,optibench,sample_86,all_pinned,5,0,1,cache
vote,optibench,sample_77,all_pinned,7,0,1,cache
vote,optibench,sample_85,all_pinned,5,0,1,cache
vote,optibench,sample_76,all_pinned,6,0,1,cache
vote,optibench,sample_79,all_pinned,7,0,0,cache
vote,optibench,sample_89,all_pinned,4,0,1,cache
vote,optibench,sample_92,all_pinned,4,0,0,cache
vote,optibench,sample_91,all_pinned,4,0,1,cache
vote,optibench,sample_96,all_pinned,3,0,1,cache
vote,optibench,sample_93,all_pinned,4,0,1,cache
vote,optibench,sample_49,all_pinned,13,0,0,cache
vote,optibench,sample_94,all_pinned,4,0,1,cache
vote,optibench,sample_98,all_pinned,4,0,0,cache
vote,optibench,sample_83,all_pinned,9,0,0,cache
vote,optibench,sample_100,all_pinned,3,0,0,cache
vote,optibench,sample_97,all_pinned,5,0,1,cache
vote,optibench,sample_99,all_pinned,8,0,1,cache
vote,optibench,sample_107,all_pinned,7,0,1,cache
vote,optibench,sample_95,all_pinned,9,0,0,cache
vote,optibench,sample_105,all_pinned,5,0,0,cache
vote,optibench,sample_102,all_pinned,8,0,0,cache
vote,optibench,sample_90,all_pinned,7,0,1,cache
vote,optibench,sample_101,all_pinned,9,0,1,cache
vote,optibench,sample_114,all_pinned,4,0,1,cache
vote,optibench,sample_104,all_pinned,10,0,1,cache
vote,optibench,sample_113,all_pinned,5,0,1,cache
vote,optibench,sample_87,all_pinned,13,0,1,cache
vote,optibench,sample_112,all_pinned,7,0,1,cache
vote,optibench,sample_116,all_pinned,6,0,1,cache
vote,optibench,sample_88,all_pinned,12,0,1,cache
vote,optibench,sample_103,all_pinned,13,0,0,cache
vote,optibench,sample_117,all_pinned,3,0,1,cache
vote,optibench,sample_109,all_pinned,6,0,0,cache
vote,optibench,sample_111,all_pinned,7,0,1,cache
vote,optibench,sample_108,all_pinned,8,0,0,cache
vote,optibench,sample_115,all_pinned,6,0,1,cache
vote,optibench,sample_123,all_pinned,3,0,0,cache
vote,optibench,sample_124,all_pinned,4,0,0,cache
vote,optibench,sample_110,all_pinned,8,0,1,cache
vote,optibench,sample_120,all_pinned,6,0,1,cache
vote,optibench,sample_106,all_pinned,13,0,0,cache
vote,optibench,sample_128,all_pinned,4,0,1,cache
vote,optibench,sample_125,all_pinned,4,0,1,cache
vote,optibench,sample_118,all_pinned,5,0,0,cache
vote,optibench,sample_135,all_pinned,6,0,1,cache
vote,optibench,sample_133,all_pinned,3,0,1,cache
vote,optibench,sample_122,all_pinned,9,0,0,cache
vote,optibench,sample_121,all_pinned,8,0,0,cache
vote,optibench,sample_127,all_pinned,6,0,1,cache
vote,optibench,sample_129,all_pinned,5,0,1,cache
vote,optibench,sample_138,all_pinned,4,0,1,cache
vote,optibench,sample_132,all_pinned,4,0,0,cache
vote,optibench,sample_137,all_pinned,3,0,1,cache
vote,optibench,sample_130,all_pinned,6,0,0,cache
vote,optibench,sample_131,all_pinned,6,0,0,cache
vote,optibench,sample_136,all_pinned,6,0,0,cache
vote,optibench,sample_143,all_pinned,4,0,1,cache
vote,optibench,sample_126,all_pinned,13,0,1,cache
vote,optibench,sample_140,all_pinned,5,0,1,cache
vote,optibench,sample_146,all_pinned,4,0,1,cache
vote,optibench,sample_144,all_pinned,13,0,1,cache
vote,optibench,sample_145,all_pinned,6,0,0,cache
vote,optibench,sample_148,all_pinned,5,0,1,cache
vote,optibench,sample_134,all_pinned,7,0,0,cache
vote,optibench,sample_153,all_pinned,3,0,1,cache
vote,optibench,sample_151,all_pinned,4,0,1,cache
vote,optibench,sample_149,all_pinned,8,0,1,cache
vote,optibench,sample_119,all_pinned,13,0,1,cache
vote,optibench,sample_156,all_pinned,4,0,1,cache
vote,optibench,sample_142,all_pinned,13,0,0,cache
vote,optibench,sample_150,all_pinned,13,0,0,cache
vote,optibench,sample_154,all_pinned,13,0,0,cache
vote,optibench,sample_157,all_pinned,4,0,1,cache
vote,optibench,sample_159,all_pinned,4,0,1,cache
vote,optibench,sample_155,all_pinned,7,0,1,cache
vote,optibench,sample_160,all_pinned,5,0,0,cache
vote,optibench,sample_141,all_pinned,8,0,0,cache
vote,optibench,sample_162,all_pinned,4,0,1,cache
vote,optibench,sample_167,all_pinned,4,0,1,cache
vote,optibench,sample_163,all_pinned,4,0,1,cache
vote,optibench,sample_139,all_pinned,13,0,1,cache
vote,optibench,sample_147,all_pinned,10,0,0,cache
vote,optibench,sample_165,all_pinned,5,0,0,cache
vote,optibench,sample_152,all_pinned,13,0,0,cache
vote,optibench,sample_169,all_pinned,4,0,1,cache
vote,optibench,sample_164,all_pinned,5,0,1,cache
vote,optibench,sample_161,all_pinned,7,0,1,cache
vote,optibench,sample_170,all_pinned,4,0,1,cache
vote,optibench,sample_172,all_pinned,3,0,1,cache
vote,optibench,sample_171,all_pinned,4,0,1,cache
vote,optibench,sample_174,all_pinned,5,0,1,cache
vote,optibench,sample_179,all_pinned,3,0,0,cache
vote,optibench,sample_180,all_pinned,4,0,1,cache
vote,optibench,sample_182,all_pinned,5,0,1,cache
vote,optibench,sample_176,all_pinned,6,0,1,cache
vote,optibench,sample_168,all_pinned,9,0,1,cache
vote,optibench,sample_187,all_pinned,4,0,1,cache
vote,optibench,sample_184,all_pinned,4,0,1,cache
vote,optibench,sample_186,all_pinned,4,0,1,cache
vote,optibench,sample_185,all_pinned,6,0,1,cache
vote,optibench,sample_188,all_pinned,5,0,1,cache
vote,optibench,sample_189,all_pinned,4,0,1,cache
vote,optibench,sample_192,all_pinned,5,0,1,cache
vote,optibench,sample_158,all_pinned,11,0,0,cache
vote,optibench,sample_173,all_pinned,13,0,1,cache
vote,optibench,sample_181,all_pinned,12,0,1,cache
vote,optibench,sample_178,all_pinned,13,0,0,cache
vote,optibench,sample_166,all_pinned,13,0,0,cache
vote,optibench,sample_183,all_pinned,10,0,0,cache
vote,optibench,sample_196,all_pinned,5,0,1,cache
vote,optibench,sample_194,all_pinned,5,0,0,cache
vote,optibench,sample_197,all_pinned,5,0,1,cache
vote,optibench,sample_199,all_pinned,3,0,1,cache
vote,optibench,sample_175,all_pinned,13,0,0,cache
vote,optibench,sample_198,all_pinned,4,0,1,cache
vote,optibench,sample_191,all_pinned,9,0,1,cache
vote,optibench,sample_200,all_pinned,4,0,1,cache
vote,optibench,sample_177,all_pinned,13,0,1,cache
vote,optibench,sample_201,all_pinned,4,0,1,cache
vote,optibench,sample_210,all_pinned,5,0,1,cache
vote,optibench,sample_202,all_pinned,5,0,1,cache
vote,optibench,sample_209,all_pinned,4,0,1,cache
vote,optibench,sample_190,all_pinned,9,0,1,cache
vote,optibench,sample_206,all_pinned,3,0,1,cache
vote,optibench,sample_204,all_pinned,7,0,1,cache
vote,optibench,sample_215,all_pinned,5,0,1,cache
vote,optibench,sample_193,all_pinned,9,0,0,cache
vote,optibench,sample_195,all_pinned,7,0,1,cache
vote,optibench,sample_208,all_pinned,4,0,1,cache
vote,optibench,sample_216,all_pinned,5,0,1,cache
vote,optibench,sample_205,all_pinned,5,0,0,cache
vote,optibench,sample_218,all_pinned,4,0,1,cache
vote,optibench,sample_211,all_pinned,13,0,0,cache
vote,optibench,sample_207,all_pinned,4,0,1,cache
vote,optibench,sample_213,all_pinned,6,0,1,cache
vote,optibench,sample_220,all_pinned,4,0,1,cache
vote,optibench,sample_219,all_pinned,6,0,1,cache
vote,optibench,sample_223,all_pinned,5,0,1,cache
vote,optibench,sample_217,all_pinned,5,0,1,cache
vote,optibench,sample_227,all_pinned,6,0,1,cache
vote,optibench,sample_226,all_pinned,4,0,1,cache
vote,optibench,sample_225,all_pinned,4,0,1,cache
vote,optibench,sample_203,all_pinned,8,0,0,cache
vote,optibench,sample_231,all_pinned,4,0,1,cache
vote,optibench,sample_222,all_pinned,8,0,1,cache
vote,optibench,sample_233,any_variant,4,0,1,cache
vote,optibench,sample_214,all_pinned,7,0,0,cache
vote,optibench,sample_230,all_pinned,7,0,1,cache
vote,optibench,sample_228,all_pinned,8,0,1,cache
vote,optibench,sample_212,all_pinned,11,0,1,cache
vote,optibench,sample_240,all_pinned,4,0,1,cache
vote,optibench,sample_221,all_pinned,9,0,1,cache
vote,optibench,sample_238,all_pinned,4,0,1,cache
vote,optibench,sample_229,all_pinned,6,0,1,cache
vote,optibench,sample_224,all_pinned,7,0,1,cache
vote,optibench,sample_237,all_pinned,6,0,1,cache
vote,optibench,sample_243,all_pinned,4,0,1,cache
vote,optibench,sample_242,all_pinned,5,0,0,cache
vote,optibench,sample_244,all_pinned,4,0,1,cache
vote,optibench,sample_241,all_pinned,6,0,0,cache
vote,optibench,sample_236,all_pinned,10,0,1,cache
vote,optibench,sample_245,all_pinned,5,0,1,cache
vote,optibench,sample_247,all_pinned,4,0,1,cache
vote,optibench,sample_250,all_pinned,5,0,1,cache
vote,optibench,sample_248,all_pinned,5,0,1,cache
vote,optibench,sample_249,all_pinned,3,0,1,cache
vote,optibench,sample_257,any_variant,3,0,1,cache
vote,optibench,sample_253,all_pinned,4,0,1,cache
vote,optibench,sample_239,all_pinned,8,0,1,cache
vote,optibench,sample_251,all_pinned,6,0,1,cache
vote,optibench,sample_260,all_pinned,4,0,1,cache
vote,optibench,sample_258,all_pinned,4,0,1,cache
vote,optibench,sample_261,all_pinned,5,0,1,cache
vote,optibench,sample_255,all_pinned,5,0,1,cache
vote,optibench,sample_235,all_pinned,13,0,0,cache
vote,optibench,sample_259,all_pinned,13,0,1,cache
vote,optibench,sample_232,all_pinned,13,0,1,cache
vote,optibench,sample_263,all_pinned,4,0,1,cache
vote,optibench,sample_264,all_pinned,4,0,1,cache
vote,optibench,sample_252,all_pinned,7,0,1,cache
vote,optibench,sample_266,all_pinned,4,0,0,cache
vote,optibench,sample_234,all_pinned,13,0,0,cache
vote,optibench,sample_268,all_pinned,5,0,1,cache
vote,optibench,sample_265,all_pinned,5,0,1,cache
vote,optibench,sample_246,all_pinned,13,0,1,cache
vote,optibench,sample_275,all_pinned,6,0,1,cache
vote,optibench,sample_277,all_pinned,3,0,1,cache
vote,optibench,sample_272,all_pinned,3,0,1,cache
vote,optibench,sample_271,any_variant,5,0,0,cache
vote,optibench,sample_269,all_pinned,6,0,0,cache
vote,optibench,sample_273,all_pinned,5,0,1,cache
vote,optibench,sample_276,all_pinned,5,0,1,cache
vote,optibench,sample_282,all_pinned,4,0,1,cache
vote,optibench,sample_254,all_pinned,13,0,0,cache
vote,optibench,sample_262,all_pinned,10,0,1,cache
vote,optibench,sample_267,all_pinned,11,0,1,cache
vote,optibench,sample_274,all_pinned,3,0,1,cache
vote,optibench,sample_285,all_pinned,4,0,1,cache
vote,optibench,sample_270,all_pinned,9,0,0,cache
vote,optibench,sample_278,all_pinned,5,0,1,cache
vote,optibench,sample_286,all_pinned,5,0,1,cache
vote,optibench,sample_256,all_pinned,11,0,1,cache
vote,optibench,sample_281,all_pinned,4,0,0,cache
vote,optibench,sample_279,all_pinned,7,0,0,cache
vote,optibench,sample_290,all_pinned,8,0,0,cache
vote,optibench,sample_283,all_pinned,4,0,1,cache
vote,optibench,sample_295,all_pinned,4,0,1,cache
vote,optibench,sample_292,all_pinned,5,0,1,cache
vote,optibench,sample_296,all_pinned,3,0,1,cache
vote,optibench,sample_287,all_pinned,13,0,0,cache
vote,optibench,sample_284,all_pinned,12,0,1,cache
vote,optibench,sample_280,all_pinned,6,0,1,cache
vote,optibench,sample_289,all_pinned,6,0,0,cache
vote,optibench,sample_291,all_pinned,4,0,0,cache
vote,optibench,sample_299,all_pinned,4,0,1,cache
vote,optibench,sample_303,all_pinned,3,0,1,cache
vote,optibench,sample_293,all_pinned,5,0,0,cache
vote,optibench,sample_297,all_pinned,5,0,1,cache
vote,optibench,sample_298,all_pinned,5,0,1,cache
vote,optibench,sample_288,all_pinned,5,0,1,cache
vote,optibench,sample_304,all_pinned,4,0,0,cache
vote,optibench,sample_300,all_pinned,7,0,1,cache
vote,optibench,sample_307,all_pinned,5,0,1,cache
vote,optibench,sample_294,all_pinned,13,0,0,cache
vote,optibench,sample_310,all_pinned,5,0,0,cache
vote,optibench,sample_312,all_pinned,4,0,1,cache
vote,optibench,sample_311,all_pinned,7,0,1,cache
vote,optibench,sample_313,all_pinned,3,0,1,cache
vote,optibench,sample_309,all_pinned,6,0,1,cache
vote,optibench,sample_317,any_variant,7,0,1,cache
vote,optibench,sample_302,all_pinned,4,0,1,cache
vote,optibench,sample_318,all_pinned,4,0,1,cache
vote,optibench,sample_316,all_pinned,5,0,1,cache
vote,optibench,sample_306,all_pinned,5,0,1,cache
vote,optibench,sample_315,all_pinned,5,0,0,cache
vote,optibench,sample_314,all_pinned,10,0,1,cache
vote,optibench,sample_305,any_variant,9,0,0,cache
vote,optibench,sample_320,all_pinned,6,0,1,cache
vote,optibench,sample_301,all_pinned,13,0,0,cache
vote,optibench,sample_325,all_pinned,4,0,1,cache
vote,optibench,sample_321,all_pinned,5,0,1,cache
vote,optibench,sample_331,all_pinned,3,0,0,cache
vote,optibench,sample_324,all_pinned,8,0,1,cache
vote,optibench,sample_329,all_pinned,3,0,1,cache
vote,optibench,sample_308,all_pinned,13,0,1,cache
vote,optibench,sample_332,all_pinned,6,0,1,cache
vote,optibench,sample_334,all_pinned,5,0,1,cache
vote,optibench,sample_330,all_pinned,8,0,1,cache
vote,optibench,sample_333,all_pinned,5,0,1,cache
vote,optibench,sample_327,all_pinned,5,0,0,cache
vote,optibench,sample_335,all_pinned,4,0,1,cache
vote,optibench,sample_340,all_pinned,4,0,1,cache
vote,optibench,sample_337,all_pinned,5,0,1,cache
vote,optibench,sample_322,all_pinned,13,0,0,cache
vote,optibench,sample_341,all_pinned,5,0,1,cache
vote,optibench,sample_339,all_pinned,4,0,0,cache
vote,optibench,sample_328,all_pinned,8,0,1,cache
vote,optibench,sample_343,all_pinned,5,0,1,cache
vote,optibench,sample_348,all_pinned,5,0,0,cache
vote,optibench,sample_338,all_pinned,6,0,1,cache
vote,optibench,sample_349,all_pinned,3,0,1,cache
vote,optibench,sample_326,all_pinned,12,0,1,cache
vote,optibench,sample_350,all_pinned,5,0,0,cache
vote,optibench,sample_323,all_pinned,13,0,1,cache
vote,optibench,sample_336,all_pinned,9,0,0,cache
vote,optibench,sample_345,all_pinned,7,0,1,cache
vote,optibench,sample_351,all_pinned,4,0,0,cache
vote,optibench,sample_347,all_pinned,9,0,1,cache
vote,optibench,sample_353,all_pinned,4,0,1,cache
vote,optibench,sample_344,all_pinned,5,0,1,cache
vote,optibench,sample_357,all_pinned,3,0,1,cache
vote,optibench,sample_356,all_pinned,5,0,0,cache
vote,optibench,sample_360,all_pinned,7,0,1,cache
vote,optibench,sample_354,all_pinned,5,0,1,cache
vote,optibench,sample_358,all_pinned,8,0,1,cache
vote,optibench,sample_342,all_pinned,13,0,0,cache
vote,optibench,sample_355,all_pinned,7,0,1,cache
vote,optibench,sample_319,all_pinned,13,0,0,cache
vote,optibench,sample_366,all_pinned,3,0,1,cache
vote,optibench,sample_367,all_pinned,5,0,1,cache
vote,optibench,sample_361,all_pinned,7,0,1,cache
vote,optibench,sample_362,all_pinned,6,0,1,cache
vote,optibench,sample_368,all_pinned,6,0,1,cache
vote,optibench,sample_371,all_pinned,3,0,1,cache
vote,optibench,sample_352,all_pinned,9,0,1,cache
vote,optibench,sample_364,all_pinned,7,0,1,cache
vote,optibench,sample_374,all_pinned,3,0,1,cache
vote,optibench,sample_365,all_pinned,13,0,1,cache
vote,optibench,sample_375,all_pinned,4,0,1,cache
vote,optibench,sample_346,all_pinned,8,0,0,cache
vote,optibench,sample_377,all_pinned,4,0,1,cache
vote,optibench,sample_369,all_pinned,7,0,1,cache
vote,optibench,sample_372,all_pinned,10,0,1,cache
vote,optibench,sample_382,all_pinned,4,0,1,cache
vote,optibench,sample_370,all_pinned,9,0,1,cache
vote,optibench,sample_378,all_pinned,8,0,1,cache
vote,optibench,sample_380,all_pinned,3,0,1,cache
vote,optibench,sample_381,all_pinned,5,0,1,cache
vote,optibench,sample_383,all_pinned,4,0,1,cache
vote,optibench,sample_386,all_pinned,4,0,0,cache
vote,optibench,sample_388,all_pinned,5,0,0,cache
vote,optibench,sample_384,all_pinned,4,0,0,cache
vote,optibench,sample_389,all_pinned,5,0,1,cache
vote,optibench,sample_363,all_pinned,13,0,0,cache
vote,optibench,sample_359,all_pinned,13,0,1,cache
vote,optibench,sample_387,all_pinned,8,0,1,cache
vote,optibench,sample_379,all_pinned,10,0,0,cache
vote,optibench,sample_394,all_pinned,4,0,1,cache
vote,optibench,sample_390,all_pinned,9,0,1,cache
vote,optibench,sample_385,all_pinned,11,0,1,cache
vote,optibench,sample_395,all_pinned,4,0,1,cache
vote,optibench,sample_392,all_pinned,13,0,1,cache
vote,optibench,sample_401,all_pinned,4,0,1,cache
vote,optibench,sample_400,all_pinned,5,0,1,cache
vote,optibench,sample_376,all_pinned,13,0,0,cache
vote,optibench,sample_393,all_pinned,12,0,0,cache
vote,optibench,sample_404,all_pinned,4,0,1,cache
vote,optibench,sample_403,all_pinned,5,0,1,cache
vote,optibench,sample_407,all_pinned,3,0,1,cache
vote,optibench,sample_373,all_pinned,13,0,0,cache
vote,optibench,sample_398,all_pinned,7,0,1,cache
vote,optibench,sample_402,all_pinned,6,0,1,cache
vote,optibench,sample_405,all_pinned,5,0,0,cache
vote,optibench,sample_413,all_pinned,4,0,1,cache
vote,optibench,sample_411,all_pinned,5,0,1,cache
vote,optibench,sample_412,all_pinned,6,0,1,cache
vote,optibench,sample_416,all_pinned,4,0,1,cache
vote,optibench,sample_415,all_pinned,5,0,1,cache
vote,optibench,sample_408,all_pinned,9,0,0,cache
vote,optibench,sample_397,all_pinned,10,0,1,cache
vote,optibench,sample_419,all_pinned,3,0,1,cache
vote,optibench,sample_391,all_pinned,13,0,0,cache
vote,optibench,sample_396,all_pinned,13,0,0,cache
vote,optibench,sample_420,all_pinned,3,0,1,cache
vote,optibench,sample_417,all_pinned,7,0,1,cache
vote,optibench,sample_424,any_variant,4,0,0,cache
vote,optibench,sample_409,any_variant,13,0,1,cache
vote,optibench,sample_423,all_pinned,6,0,1,cache
vote,optibench,sample_421,all_pinned,4,0,1,cache
vote,optibench,sample_399,all_pinned,12,0,0,cache
vote,optibench,sample_425,any_variant,5,0,1,cache
vote,optibench,sample_406,all_pinned,9,0,1,cache
vote,optibench,sample_428,all_pinned,4,0,1,cache
vote,optibench,sample_427,all_pinned,4,0,0,cache
vote,optibench,sample_429,all_pinned,3,0,1,cache
vote,optibench,sample_418,all_pinned,7,0,1,cache
vote,optibench,sample_414,all_pinned,12,0,0,cache
vote,optibench,sample_433,all_pinned,5,0,1,cache
vote,optibench,sample_435,all_pinned,5,0,1,cache
vote,optibench,sample_434,all_pinned,4,0,1,cache
vote,optibench,sample_422,all_pinned,10,0,0,cache
vote,optibench,sample_432,all_pinned,5,0,1,cache
vote,optibench,sample_431,all_pinned,3,0,1,cache
vote,optibench,sample_439,all_pinned,5,0,0,cache
vote,optibench,sample_445,unattributed,0,1,0,none
vote,optibench,sample_441,all_pinned,5,0,1,cache
vote,optibench,sample_437,all_pinned,4,0,0,cache
vote,optibench,sample_444,all_pinned,4,0,1,cache
vote,optibench,sample_436,all_pinned,5,0,1,cache
vote,optibench,sample_426,all_pinned,12,0,1,cache
vote,optibench,sample_442,all_pinned,4,0,1,cache
vote,optibench,sample_446,all_pinned,4,0,1,cache
vote,optibench,sample_430,all_pinned,9,0,1,cache
vote,optibench,sample_449,all_pinned,4,0,1,cache
vote,optibench,sample_443,all_pinned,7,0,1,cache
vote,optibench,sample_438,all_pinned,6,0,1,cache
vote,optibench,sample_452,all_pinned,4,0,1,cache
vote,optibench,sample_453,all_pinned,4,0,1,cache
vote,optibench,sample_454,all_pinned,4,0,1,cache
vote,optibench,sample_459,all_pinned,5,0,1,cache
vote,optibench,sample_447,all_pinned,7,0,0,cache
vote,optibench,sample_410,all_pinned,13,0,0,cache
vote,optibench,sample_455,all_pinned,3,0,1,cache
vote,optibench,sample_457,all_pinned,10,0,1,cache
vote,optibench,sample_458,all_pinned,4,0,1,cache
vote,optibench,sample_463,all_pinned,3,0,1,cache
vote,optibench,sample_461,all_pinned,4,0,1,cache
vote,optibench,sample_464,all_pinned,5,0,1,cache
vote,optibench,sample_466,all_pinned,4,0,1,cache
vote,optibench,sample_460,all_pinned,6,0,0,cache
vote,optibench,sample_448,all_pinned,9,0,1,cache
vote,optibench,sample_465,all_pinned,7,0,1,cache
vote,optibench,sample_469,all_pinned,6,0,1,cache
vote,optibench,sample_468,all_pinned,5,0,1,cache
vote,optibench,sample_475,all_pinned,5,0,0,cache
vote,optibench,sample_456,all_pinned,13,0,0,cache
vote,optibench,sample_462,all_pinned,7,0,0,cache
vote,optibench,sample_451,all_pinned,13,0,1,cache
vote,optibench,sample_472,all_pinned,4,0,1,cache
vote,optibench,sample_479,any_variant,3,0,1,cache
vote,optibench,sample_471,all_pinned,5,0,1,cache
vote,optibench,sample_440,all_pinned,13,0,1,cache
vote,optibench,sample_476,all_pinned,4,0,1,cache
vote,optibench,sample_482,all_pinned,3,0,1,cache
vote,optibench,sample_473,all_pinned,6,0,1,cache
vote,optibench,sample_477,all_pinned,6,0,0,cache
vote,optibench,sample_474,all_pinned,8,0,1,cache
vote,optibench,sample_478,all_pinned,6,0,1,cache
vote,optibench,sample_484,all_pinned,3,0,0,cache
vote,optibench,sample_481,all_pinned,4,0,0,cache
vote,optibench,sample_450,all_pinned,12,0,0,cache
vote,optibench,sample_491,all_pinned,3,0,0,cache
vote,optibench,sample_485,all_pinned,4,0,1,cache
vote,optibench,sample_489,all_pinned,4,0,1,cache
vote,optibench,sample_494,all_pinned,4,0,0,cache
vote,optibench,sample_493,all_pinned,5,0,1,cache
vote,optibench,sample_483,all_pinned,6,0,0,cache
vote,optibench,sample_488,all_pinned,5,0,1,cache
vote,optibench,sample_470,all_pinned,6,0,0,cache
vote,optibench,sample_467,all_pinned,9,0,1,cache
vote,optibench,sample_480,all_pinned,5,0,0,cache
vote,optibench,sample_498,all_pinned,4,0,1,cache
vote,optibench,sample_496,all_pinned,5,0,1,cache
vote,optibench,sample_499,all_pinned,6,0,1,cache
vote,optibench,sample_500,all_pinned,9,0,1,cache
vote,optibench,sample_497,all_pinned,7,0,1,cache
vote,optibench,sample_487,all_pinned,13,0,0,cache
vote,optibench,sample_486,all_pinned,8,0,0,cache
vote,optibench,sample_503,all_pinned,5,0,1,cache
vote,optibench,sample_502,all_pinned,6,0,1,cache
vote,optibench,sample_508,all_pinned,7,0,1,cache
vote,optibench,sample_504,all_pinned,4,0,1,cache
vote,optibench,sample_490,all_pinned,8,0,1,cache
vote,optibench,sample_510,all_pinned,4,0,1,cache
vote,optibench,sample_514,any_variant,3,0,0,cache
vote,optibench,sample_501,all_pinned,7,0,1,cache
vote,optibench,sample_492,all_pinned,9,0,1,cache
vote,optibench,sample_515,all_pinned,3,0,1,cache
vote,optibench,sample_505,all_pinned,4,0,1,cache
vote,optibench,sample_512,all_pinned,5,0,1,cache
vote,optibench,sample_513,all_pinned,5,0,1,cache
vote,optibench,sample_517,all_pinned,3,0,1,cache
vote,optibench,sample_516,all_pinned,5,0,0,cache
vote,optibench,sample_511,all_pinned,6,0,1,cache
vote,optibench,sample_518,all_pinned,6,0,1,cache
vote,optibench,sample_495,all_pinned,13,0,0,cache
vote,optibench,sample_523,all_pinned,5,0,1,cache
vote,optibench,sample_526,all_pinned,3,0,1,cache
vote,optibench,sample_529,any_variant,3,0,1,cache
vote,optibench,sample_528,all_pinned,4,0,1,cache
vote,optibench,sample_509,all_pinned,9,0,1,cache
vote,optibench,sample_507,all_pinned,13,0,0,cache
vote,optibench,sample_520,all_pinned,13,0,1,cache
vote,optibench,sample_519,all_pinned,11,0,1,cache
vote,optibench,sample_524,all_pinned,6,0,0,cache
vote,optibench,sample_531,all_pinned,6,0,1,cache
vote,optibench,sample_506,all_pinned,10,0,1,cache
vote,optibench,sample_533,all_pinned,5,0,1,cache
vote,optibench,sample_535,all_pinned,5,0,1,cache
vote,optibench,sample_534,all_pinned,4,0,1,cache
vote,optibench,sample_527,all_pinned,10,0,1,cache
vote,optibench,sample_536,all_pinned,5,0,1,cache
vote,optibench,sample_537,all_pinned,5,0,1,cache
vote,optibench,sample_521,all_pinned,13,0,0,cache
vote,optibench,sample_540,all_pinned,3,0,1,cache
vote,optibench,sample_532,all_pinned,6,0,1,cache
vote,optibench,sample_544,all_pinned,4,0,1,cache
vote,optibench,sample_546,all_pinned,5,0,0,cache
vote,optibench,sample_522,all_pinned,12,0,1,cache
vote,optibench,sample_525,all_pinned,13,0,0,cache
vote,optibench,sample_530,all_pinned,10,0,1,cache
vote,optibench,sample_550,all_pinned,3,0,1,cache
vote,optibench,sample_548,all_pinned,4,0,1,cache
vote,optibench,sample_547,all_pinned,5,0,0,cache
vote,optibench,sample_538,all_pinned,8,0,0,cache
vote,optibench,sample_545,all_pinned,5,0,1,cache
vote,optibench,sample_552,all_pinned,4,0,1,cache
vote,optibench,sample_549,all_pinned,4,0,1,cache
vote,optibench,sample_553,all_pinned,3,0,1,cache
vote,optibench,sample_554,all_pinned,3,0,0,cache
vote,optibench,sample_556,all_pinned,3,0,1,cache
vote,optibench,sample_557,all_pinned,4,0,0,cache
vote,optibench,sample_551,all_pinned,5,0,1,cache
vote,optibench,sample_555,all_pinned,8,0,1,cache
vote,optibench,sample_543,all_pinned,13,0,0,cache
vote,optibench,sample_563,all_pinned,3,0,1,cache
vote,optibench,sample_561,all_pinned,4,0,1,cache
vote,optibench,sample_558,all_pinned,6,0,1,cache
vote,optibench,sample_562,all_pinned,4,0,1,cache
vote,optibench,sample_560,all_pinned,5,0,1,cache
vote,optibench,sample_566,all_pinned,4,0,1,cache
vote,optibench,sample_571,all_pinned,4,0,1,cache
vote,optibench,sample_568,all_pinned,4,0,1,cache
vote,optibench,sample_567,all_pinned,4,0,1,cache
vote,optibench,sample_539,all_pinned,13,0,0,cache
vote,optibench,sample_575,all_pinned,4,0,1,cache
vote,optibench,sample_542,all_pinned,9,0,0,cache
vote,optibench,sample_565,all_pinned,5,0,1,cache
vote,optibench,sample_569,all_pinned,7,0,1,cache
vote,optibench,sample_574,all_pinned,4,0,1,cache
vote,optibench,sample_573,all_pinned,3,0,0,cache
vote,optibench,sample_570,all_pinned,8,0,1,cache
vote,optibench,sample_541,all_pinned,11,0,0,cache
vote,optibench,sample_576,all_pinned,5,0,1,cache
vote,optibench,sample_572,all_pinned,7,0,1,cache
vote,optibench,sample_577,all_pinned,6,0,1,cache
vote,optibench,sample_579,all_pinned,4,0,1,cache
vote,optibench,sample_582,all_pinned,5,0,1,cache
vote,optibench,sample_580,all_pinned,7,0,0,cache
vote,optibench,sample_586,all_pinned,4,0,1,cache
vote,optibench,sample_584,all_pinned,4,0,0,cache
vote,optibench,sample_585,all_pinned,5,0,1,cache
vote,optibench,sample_593,all_pinned,4,0,1,cache
vote,optibench,sample_559,all_pinned,11,0,0,cache
vote,optibench,sample_592,all_pinned,4,0,1,cache
vote,optibench,sample_581,all_pinned,13,0,1,cache
vote,optibench,sample_590,all_pinned,5,0,1,cache
vote,optibench,sample_588,all_pinned,5,0,0,cache
vote,optibench,sample_594,all_pinned,4,0,1,cache
vote,optibench,sample_597,all_pinned,3,0,1,cache
vote,optibench,sample_595,all_pinned,5,0,1,cache
vote,optibench,sample_596,all_pinned,7,0,1,cache
vote,optibench,sample_598,all_pinned,6,0,1,cache
vote,optibench,sample_583,all_pinned,13,0,0,cache
vote,optibench,sample_578,all_pinned,13,0,0,cache
vote,optibench,sample_587,all_pinned,10,0,1,cache
vote,optibench,sample_600,all_pinned,5,0,1,cache
vote,optibench,sample_602,all_pinned,5,0,0,cache
vote,optibench,sample_589,all_pinned,13,0,0,cache
vote,optibench,sample_603,all_pinned,4,0,1,cache
vote,optibench,sample_591,all_pinned,13,0,0,cache
vote,optibench,sample_564,all_pinned,13,0,0,cache
vote,optibench,sample_599,all_pinned,9,0,1,cache
vote,optibench,sample_604,all_pinned,6,0,0,cache
vote,optibench,sample_601,all_pinned,13,0,1,cache
vote,optibench,sample_605,all_pinned,13,0,0,cache
vote,mamo_c,sample_12,unattributed,0,1,0,none
vote,mamo_c,sample_5,all_pinned,4,0,0,cache
vote,mamo_c,sample_6,all_pinned,4,0,1,cache
vote,mamo_c,sample_9,all_pinned,4,0,0,cache
vote,mamo_c,sample_8,all_pinned,5,0,0,cache
vote,mamo_c,sample_11,all_pinned,5,0,0,cache
vote,mamo_c,sample_17,all_pinned,4,0,1,cache
vote,mamo_c,sample_15,all_pinned,4,0,1,cache
vote,mamo_c,sample_10,all_pinned,7,0,0,cache
vote,mamo_c,sample_20,all_pinned,4,0,0,cache
vote,mamo_c,sample_19,all_pinned,5,0,1,cache
vote,mamo_c,sample_7,all_pinned,7,0,0,cache
vote,mamo_c,sample_4,all_pinned,8,0,0,cache
vote,mamo_c,sample_22,all_pinned,4,0,0,cache
vote,mamo_c,sample_2,all_pinned,9,0,0,cache
vote,mamo_c,sample_14,all_pinned,7,0,1,cache
vote,mamo_c,sample_28,all_pinned,4,0,1,cache
vote,mamo_c,sample_21,all_pinned,9,0,0,cache
vote,mamo_c,sample_27,all_pinned,7,0,0,cache
vote,mamo_c,sample_24,all_pinned,7,0,0,cache
vote,mamo_c,sample_13,all_pinned,11,0,1,cache
vote,mamo_c,sample_30,all_pinned,5,0,1,cache
vote,mamo_c,sample_25,all_pinned,9,0,1,cache
vote,mamo_c,sample_1,all_pinned,13,0,0,cache
vote,mamo_c,sample_3,all_pinned,10,0,0,cache
vote,mamo_c,sample_29,all_pinned,4,0,1,cache
vote,mamo_c,sample_18,all_pinned,8,0,1,cache
vote,mamo_c,sample_38,unattributed,0,1,0,none
vote,mamo_c,sample_33,all_pinned,5,0,1,cache
vote,mamo_c,sample_31,all_pinned,7,0,0,cache
vote,mamo_c,sample_16,all_pinned,11,0,1,cache
vote,mamo_c,sample_40,all_pinned,5,0,1,cache
vote,mamo_c,sample_36,all_pinned,5,0,0,cache
vote,mamo_c,sample_41,all_pinned,4,0,1,cache
vote,mamo_c,sample_23,all_pinned,13,0,1,cache
vote,mamo_c,sample_43,all_pinned,4,0,1,cache
vote,mamo_c,sample_42,all_pinned,4,0,1,cache
vote,mamo_c,sample_44,all_pinned,5,0,1,cache
vote,mamo_c,sample_47,all_pinned,4,0,0,cache
vote,mamo_c,sample_50,all_pinned,4,0,1,cache
vote,mamo_c,sample_35,all_pinned,9,0,1,cache
vote,mamo_c,sample_34,all_pinned,13,0,0,cache
vote,mamo_c,sample_32,all_pinned,11,0,0,cache
vote,mamo_c,sample_26,all_pinned,7,0,1,cache
vote,mamo_c,sample_39,all_pinned,6,0,1,cache
vote,mamo_c,sample_48,all_pinned,13,0,1,cache
vote,mamo_c,sample_55,all_pinned,5,0,1,cache
vote,mamo_c,sample_57,all_pinned,3,0,0,cache
vote,mamo_c,sample_52,all_pinned,5,0,1,cache
vote,mamo_c,sample_58,all_pinned,4,0,0,cache
vote,mamo_c,sample_49,all_pinned,13,0,0,cache
vote,mamo_c,sample_61,all_pinned,5,0,0,cache
vote,mamo_c,sample_46,all_pinned,11,0,1,cache
vote,mamo_c,sample_56,all_pinned,7,0,1,cache
vote,mamo_c,sample_66,all_pinned,4,0,0,cache
vote,mamo_c,sample_62,all_pinned,5,0,1,cache
vote,mamo_c,sample_64,all_pinned,4,0,0,cache
vote,mamo_c,sample_54,all_pinned,10,0,1,cache
vote,mamo_c,sample_37,all_pinned,13,0,1,cache
vote,mamo_c,sample_67,all_pinned,4,0,1,cache
vote,mamo_c,sample_59,all_pinned,8,0,1,cache
vote,mamo_c,sample_72,all_pinned,4,0,1,cache
vote,mamo_c,sample_65,all_pinned,6,0,1,cache
vote,mamo_c,sample_71,all_pinned,5,0,0,cache
vote,mamo_c,sample_76,all_pinned,4,0,1,cache
vote,mamo_c,sample_53,all_pinned,12,0,0,cache
vote,mamo_c,sample_75,all_pinned,4,0,1,cache
vote,mamo_c,sample_51,all_pinned,13,0,1,cache
vote,mamo_c,sample_77,all_pinned,4,0,1,cache
vote,mamo_c,sample_78,all_pinned,4,0,0,cache
vote,mamo_c,sample_45,all_pinned,13,0,0,cache
vote,mamo_c,sample_60,all_pinned,13,0,0,cache
vote,mamo_c,sample_80,all_pinned,5,0,0,cache
vote,mamo_c,sample_84,all_pinned,4,0,0,cache
vote,mamo_c,sample_74,all_pinned,9,0,0,cache
vote,mamo_c,sample_70,all_pinned,13,0,0,cache
vote,mamo_c,sample_86,all_pinned,5,0,1,cache
vote,mamo_c,sample_68,all_pinned,11,0,1,cache
vote,mamo_c,sample_79,all_pinned,6,0,1,cache
vote,mamo_c,sample_83,all_pinned,13,0,1,cache
vote,mamo_c,sample_85,all_pinned,5,0,0,cache
vote,mamo_c,sample_92,unattributed,0,1,0,none
vote,mamo_c,sample_81,all_pinned,10,0,1,cache
vote,mamo_c,sample_93,all_pinned,6,0,0,cache
vote,mamo_c,sample_87,all_pinned,5,0,0,cache
vote,mamo_c,sample_73,all_pinned,13,0,0,cache
vote,mamo_c,sample_88,all_pinned,6,0,0,cache
vote,mamo_c,sample_98,all_pinned,4,0,1,cache
vote,mamo_c,sample_89,all_pinned,6,0,1,cache
vote,mamo_c,sample_91,all_pinned,7,0,0,cache
vote,mamo_c,sample_97,all_pinned,5,0,0,cache
vote,mamo_c,sample_90,all_pinned,9,0,1,cache
vote,mamo_c,sample_96,all_pinned,6,0,0,cache
vote,mamo_c,sample_63,all_pinned,13,0,1,cache
vote,mamo_c,sample_69,all_pinned,13,0,0,cache
vote,mamo_c,sample_95,all_pinned,8,0,1,cache
vote,mamo_c,sample_100,all_pinned,5,0,0,cache
vote,mamo_c,sample_94,all_pinned,13,0,1,cache
vote,mamo_c,sample_82,all_pinned,13,0,1,cache
vote,mamo_c,sample_107,all_pinned,4,0,0,cache
vote,mamo_c,sample_99,all_pinned,13,0,1,cache
vote,mamo_c,sample_110,all_pinned,5,0,1,cache
vote,mamo_c,sample_106,all_pinned,7,0,1,cache
vote,mamo_c,sample_103,all_pinned,9,0,1,cache
vote,mamo_c,sample_101,all_pinned,12,0,1,cache
vote,mamo_c,sample_102,all_pinned,8,0,0,cache
vote,mamo_c,sample_109,all_pinned,8,0,0,cache
vote,mamo_c,sample_116,all_pinned,5,0,0,cache
vote,mamo_c,sample_105,all_pinned,13,0,0,cache
vote,mamo_c,sample_112,all_pinned,10,0,1,cache
vote,mamo_c,sample_113,all_pinned,10,0,0,cache
vote,mamo_c,sample_120,all_pinned,5,0,0,cache
vote,mamo_c,sample_108,all_pinned,13,0,1,cache
vote,mamo_c,sample_104,all_pinned,13,0,1,cache
vote,mamo_c,sample_114,all_pinned,8,0,1,cache
vote,mamo_c,sample_111,all_pinned,13,0,1,cache
vote,mamo_c,sample_115,all_pinned,11,0,0,cache
vote,mamo_c,sample_121,all_pinned,6,0,0,cache
vote,mamo_c,sample_118,all_pinned,11,0,1,cache
vote,mamo_c,sample_122,all_pinned,6,0,0,cache
vote,mamo_c,sample_125,all_pinned,4,0,0,cache
vote,mamo_c,sample_132,all_pinned,5,0,1,cache
vote,mamo_c,sample_126,all_pinned,5,0,0,cache
vote,mamo_c,sample_119,all_pinned,11,0,1,cache
vote,mamo_c,sample_130,all_pinned,5,0,1,cache
vote,mamo_c,sample_134,all_pinned,5,0,0,cache
vote,mamo_c,sample_123,all_pinned,10,0,1,cache
vote,mamo_c,sample_138,all_pinned,5,0,1,cache
vote,mamo_c,sample_135,all_pinned,7,0,0,cache
vote,mamo_c,sample_136,all_pinned,6,0,1,cache
vote,mamo_c,sample_137,all_pinned,5,0,0,cache
vote,mamo_c,sample_117,all_pinned,13,0,0,cache
vote,mamo_c,sample_144,all_pinned,4,0,0,cache
vote,mamo_c,sample_129,all_pinned,12,0,1,cache
vote,mamo_c,sample_124,all_pinned,9,0,1,cache
vote,mamo_c,sample_141,all_pinned,4,0,0,cache
vote,mamo_c,sample_139,all_pinned,5,0,0,cache
vote,mamo_c,sample_148,all_pinned,3,0,0,cache
vote,mamo_c,sample_147,all_pinned,4,0,0,cache
vote,mamo_c,sample_133,all_pinned,7,0,1,cache
vote,mamo_c,sample_142,all_pinned,7,0,0,cache
vote,mamo_c,sample_145,all_pinned,4,0,0,cache
vote,mamo_c,sample_127,all_pinned,12,0,1,cache
vote,mamo_c,sample_143,all_pinned,7,0,0,cache
vote,mamo_c,sample_146,all_pinned,5,0,0,cache
vote,mamo_c,sample_151,all_pinned,4,0,0,cache
vote,mamo_c,sample_153,all_pinned,5,0,0,cache
vote,mamo_c,sample_155,all_pinned,4,0,1,cache
vote,mamo_c,sample_149,all_pinned,5,0,0,cache
vote,mamo_c,sample_154,all_pinned,4,0,0,cache
vote,mamo_c,sample_150,all_pinned,5,0,0,cache
vote,mamo_c,sample_131,all_pinned,13,0,0,cache
vote,mamo_c,sample_156,all_pinned,6,0,1,cache
vote,mamo_c,sample_152,all_pinned,6,0,0,cache
vote,mamo_c,sample_165,all_pinned,4,0,1,cache
vote,mamo_c,sample_159,all_pinned,7,0,1,cache
vote,mamo_c,sample_157,all_pinned,5,0,1,cache
vote,mamo_c,sample_169,any_variant,6,0,0,cache
vote,mamo_c,sample_161,all_pinned,8,0,1,cache
vote,mamo_c,sample_171,any_variant,6,0,1,cache
vote,mamo_c,sample_172,all_pinned,7,0,1,cache
vote,mamo_c,sample_160,any_variant,11,0,1,cache
vote,mamo_c,sample_140,all_pinned,13,0,0,cache
vote,mamo_c,sample_128,all_pinned,13,0,1,cache
vote,mamo_c,sample_167,all_pinned,9,0,1,cache
vote,mamo_c,sample_164,all_pinned,12,0,1,cache
vote,mamo_c,sample_166,all_pinned,13,0,1,cache
vote,mamo_c,sample_178,any_variant,4,0,1,cache
vote,mamo_c,sample_175,all_pinned,6,0,1,cache
vote,mamo_c,sample_168,all_pinned,13,0,0,cache
vote,mamo_c,sample_162,all_pinned,13,0,0,cache
vote,mamo_c,sample_179,all_pinned,6,0,1,cache
vote,mamo_c,sample_163,all_pinned,13,0,0,cache
vote,mamo_c,sample_180,all_pinned,4,0,1,cache
vote,mamo_c,sample_181,all_pinned,4,0,1,cache
vote,mamo_c,sample_184,all_pinned,3,0,0,cache
vote,mamo_c,sample_158,all_pinned,13,0,0,cache
vote,mamo_c,sample_188,all_pinned,6,0,0,cache
vote,mamo_c,sample_174,any_variant,13,0,1,cache
vote,mamo_c,sample_185,all_pinned,5,0,1,cache
vote,mamo_c,sample_183,all_pinned,5,0,0,cache
vote,mamo_c,sample_170,any_variant,13,0,1,cache
vote,mamo_c,sample_191,all_pinned,4,0,1,cache
vote,mamo_c,sample_186,all_pinned,5,0,1,cache
vote,mamo_c,sample_196,unattributed,0,1,0,none
vote,mamo_c,sample_195,all_pinned,3,0,1,cache
vote,mamo_c,sample_187,all_pinned,7,0,0,cache
vote,mamo_c,sample_176,all_pinned,9,0,0,cache
vote,mamo_c,sample_173,all_pinned,12,0,1,cache
vote,mamo_c,sample_193,all_pinned,5,0,1,cache
vote,mamo_c,sample_201,any_variant,4,0,1,cache
vote,mamo_c,sample_194,all_pinned,5,0,0,cache
vote,mamo_c,sample_197,all_pinned,4,0,1,cache
vote,mamo_c,sample_205,all_pinned,5,0,0,cache
vote,mamo_c,sample_200,all_pinned,6,0,1,cache
vote,mamo_c,sample_189,all_pinned,7,0,1,cache
vote,mamo_c,sample_207,all_pinned,4,0,1,cache
vote,mamo_c,sample_203,all_pinned,4,0,1,cache
vote,mamo_c,sample_177,all_pinned,13,0,0,cache
vote,mamo_c,sample_192,all_pinned,9,0,1,cache
vote,mamo_c,sample_204,all_pinned,5,0,0,cache
vote,mamo_c,sample_182,all_pinned,13,0,0,cache
vote,mamo_c,sample_206,all_pinned,4,0,1,cache
vote,mamo_c,sample_208,all_pinned,4,0,1,cache
vote,mamo_c,sample_199,all_pinned,13,0,1,cache
vote,mamo_c,sample_202,all_pinned,8,0,1,cache
vote,mamo_c,sample_198,all_pinned,13,0,1,cache
vote,mamo_c,sample_209,all_pinned,6,0,1,cache
vote,mamo_c,sample_210,all_pinned,8,0,1,cache
vote,mamo_c,sample_211,all_pinned,6,0,1,cache
vote,mamo_c,sample_190,all_pinned,13,0,0,cache
vote,complexor,sample_6,all_pinned,3,0,1,cache
vote,complexor,sample_4,all_pinned,3,0,0,cache
vote,complexor,sample_2,all_pinned,4,0,1,cache
vote,complexor,sample_8,all_pinned,4,0,1,cache
vote,complexor,sample_15,all_pinned,3,0,1,cache
vote,complexor,sample_3,all_pinned,4,0,1,cache
vote,complexor,sample_10,all_pinned,3,0,0,cache
vote,complexor,sample_12,all_pinned,4,0,1,cache
vote,complexor,sample_9,all_pinned,4,0,1,cache
vote,complexor,sample_1,all_pinned,4,0,0,cache
vote,complexor,sample_16,all_pinned,4,0,1,cache
vote,complexor,sample_5,all_pinned,4,0,1,cache
vote,complexor,sample_13,all_pinned,6,0,1,cache
vote,complexor,sample_14,all_pinned,4,0,0,cache
vote,complexor,sample_17,all_pinned,4,0,0,cache
vote,complexor,sample_11,all_pinned,5,0,1,cache
vote,complexor,sample_18,all_pinned,5,0,0,cache
vote,complexor,sample_7,all_pinned,13,0,0,cache
vote,industryor,sample_6,unattributed,0,1,0,none
vote,industryor,sample_11,all_pinned,3,0,1,cache
vote,industryor,sample_7,all_pinned,4,0,1,cache
vote,industryor,sample_10,all_pinned,4,0,1,cache
vote,industryor,sample_4,all_pinned,4,0,1,cache
vote,industryor,sample_17,all_pinned,3,0,1,cache
vote,industryor,sample_18,all_pinned,4,0,1,cache
vote,industryor,sample_2,all_pinned,5,0,1,cache
vote,industryor,sample_13,all_pinned,5,0,1,cache
vote,industryor,sample_9,all_pinned,5,0,1,cache
vote,industryor,sample_3,all_pinned,6,0,1,cache
vote,industryor,sample_22,all_pinned,4,0,1,cache
vote,industryor,sample_20,all_pinned,5,0,1,cache
vote,industryor,sample_25,all_pinned,3,0,1,cache
vote,industryor,sample_19,all_pinned,5,0,0,cache
vote,industryor,sample_23,all_pinned,5,0,1,cache
vote,industryor,sample_24,all_pinned,7,0,1,cache
vote,industryor,sample_1,all_pinned,10,0,1,cache
vote,industryor,sample_29,all_pinned,4,0,0,cache
vote,industryor,sample_15,all_pinned,9,0,0,cache
vote,industryor,sample_30,all_pinned,4,0,0,cache
vote,industryor,sample_31,all_pinned,6,0,0,cache
vote,industryor,sample_34,all_pinned,5,0,0,cache
vote,industryor,sample_8,all_pinned,13,0,0,cache
vote,industryor,sample_14,all_pinned,8,0,0,cache
vote,industryor,sample_35,all_pinned,3,0,1,cache
vote,industryor,sample_28,all_pinned,13,0,0,cache
vote,industryor,sample_5,all_pinned,12,0,1,cache
vote,industryor,sample_26,all_pinned,11,0,1,cache
vote,industryor,sample_21,all_pinned,12,0,0,cache
vote,industryor,sample_37,all_pinned,5,0,0,cache
vote,industryor,sample_16,all_pinned,13,0,0,cache
vote,industryor,sample_42,all_pinned,4,0,1,cache
vote,industryor,sample_43,all_pinned,5,0,1,cache
vote,industryor,sample_12,all_pinned,13,0,0,cache
vote,industryor,sample_39,all_pinned,8,0,0,cache
vote,industryor,sample_44,all_pinned,4,0,1,cache
vote,industryor,sample_46,all_pinned,5,0,0,cache
vote,industryor,sample_41,all_pinned,8,0,0,cache
vote,industryor,sample_36,all_pinned,13,0,0,cache
vote,industryor,sample_40,all_pinned,13,0,0,cache
vote,industryor,sample_32,all_pinned,13,0,0,cache
vote,industryor,sample_47,all_pinned,6,0,0,cache
vote,industryor,sample_51,all_pinned,13,0,0,cache
vote,industryor,sample_56,all_pinned,6,0,0,cache
vote,industryor,sample_27,all_pinned,13,0,1,cache
vote,industryor,sample_49,all_pinned,13,0,0,cache
vote,industryor,sample_57,all_pinned,5,0,0,cache
vote,industryor,sample_58,all_pinned,5,0,0,cache
vote,industryor,sample_61,all_pinned,4,0,1,cache
vote,industryor,sample_33,all_pinned,13,0,0,cache
vote,industryor,sample_38,all_pinned,13,0,0,cache
vote,industryor,sample_59,all_pinned,5,0,1,cache
vote,industryor,sample_45,all_pinned,12,0,0,cache
vote,industryor,sample_63,all_pinned,5,0,0,cache
vote,industryor,sample_67,all_pinned,4,0,0,cache
vote,industryor,sample_66,all_pinned,7,0,0,cache
vote,industryor,sample_60,all_pinned,11,0,0,cache
vote,industryor,sample_62,all_pinned,10,0,0,cache
vote,industryor,sample_65,all_pinned,7,0,0,cache
vote,industryor,sample_55,all_pinned,13,0,0,cache
vote,industryor,sample_52,all_pinned,9,0,0,cache
vote,industryor,sample_73,all_pinned,4,0,1,cache
vote,industryor,sample_50,all_pinned,11,0,0,cache
vote,industryor,sample_48,all_pinned,13,0,0,cache
vote,industryor,sample_68,all_pinned,13,0,0,cache
vote,industryor,sample_78,all_pinned,4,0,0,cache
vote,industryor,sample_74,all_pinned,5,0,0,cache
vote,industryor,sample_80,all_pinned,4,0,0,cache
vote,industryor,sample_64,all_pinned,12,0,0,cache
vote,industryor,sample_54,all_pinned,13,0,0,cache
vote,industryor,sample_71,all_pinned,13,0,1,cache
vote,industryor,sample_53,all_pinned,13,0,0,cache
vote,industryor,sample_83,all_pinned,4,0,0,cache
vote,industryor,sample_86,all_pinned,6,0,1,cache
vote,industryor,sample_76,all_pinned,11,0,0,cache
vote,industryor,sample_79,all_pinned,4,0,0,cache
vote,industryor,sample_82,all_pinned,5,0,0,cache
vote,industryor,sample_88,all_pinned,5,0,1,cache
vote,industryor,sample_72,all_pinned,12,0,1,cache
vote,industryor,sample_75,all_pinned,13,0,0,cache
vote,industryor,sample_91,all_pinned,5,0,1,cache
vote,industryor,sample_77,all_pinned,13,0,0,cache
vote,industryor,sample_85,all_pinned,8,0,0,cache
vote,industryor,sample_87,all_pinned,13,0,0,cache
vote,industryor,sample_96,all_pinned,6,0,0,cache
vote,industryor,sample_90,all_pinned,13,0,0,cache
vote,industryor,sample_94,all_pinned,13,0,0,cache
vote,industryor,sample_81,all_pinned,8,0,0,cache
vote,industryor,sample_69,all_pinned,13,0,0,cache
vote,industryor,sample_93,all_pinned,8,0,0,cache
vote,industryor,sample_84,all_pinned,13,0,0,cache
vote,industryor,sample_95,all_pinned,11,0,1,cache
vote,industryor,sample_92,all_pinned,9,0,1,cache
vote,industryor,sample_89,all_pinned,13,0,0,cache
vote,industryor,sample_98,all_pinned,7,0,0,cache
vote,industryor,sample_97,all_pinned,13,0,0,cache
vote,industryor,sample_100,all_pinned,13,0,0,cache
vote,industryor,sample_99,all_pinned,13,0,0,cache
vote,industryor,sample_70,all_pinned,13,0,0,cache
vote,optmath,sample_9,all_pinned,4,0,1,cache
vote,optmath,sample_4,all_pinned,4,0,1,cache
vote,optmath,sample_14,all_pinned,5,0,1,cache
vote,optmath,sample_5,all_pinned,4,0,1,cache
vote,optmath,sample_3,all_pinned,6,0,1,cache
vote,optmath,sample_17,all_pinned,7,0,1,cache
vote,optmath,sample_8,all_pinned,7,0,1,cache
vote,optmath,sample_18,all_pinned,3,0,1,cache
vote,optmath,sample_15,all_pinned,5,0,0,cache
vote,optmath,sample_16,all_pinned,7,0,1,cache
vote,optmath,sample_1,all_pinned,10,0,1,cache
vote,optmath,sample_22,all_pinned,4,0,0,cache
vote,optmath,sample_7,all_pinned,13,0,0,cache
vote,optmath,sample_21,all_pinned,5,0,0,cache
vote,optmath,sample_25,all_pinned,5,0,1,cache
vote,optmath,sample_26,all_pinned,6,0,1,cache
vote,optmath,sample_11,all_pinned,13,0,0,cache
vote,optmath,sample_20,all_pinned,7,0,0,cache
vote,optmath,sample_12,all_pinned,13,0,1,cache
vote,optmath,sample_6,all_pinned,13,0,1,cache
vote,optmath,sample_30,all_pinned,4,0,1,cache
vote,optmath,sample_13,all_pinned,13,0,0,cache
vote,optmath,sample_2,all_pinned,13,0,0,cache
vote,optmath,sample_34,all_pinned,3,0,1,cache
vote,optmath,sample_23,all_pinned,10,0,1,cache
vote,optmath,sample_31,all_pinned,10,0,0,cache
vote,optmath,sample_29,all_pinned,7,0,0,cache
vote,optmath,sample_39,all_pinned,3,0,0,cache
vote,optmath,sample_27,all_pinned,9,0,1,cache
vote,optmath,sample_19,all_pinned,13,0,0,cache
vote,optmath,sample_36,all_pinned,6,0,0,cache
vote,optmath,sample_41,all_pinned,5,0,1,cache
vote,optmath,sample_37,all_pinned,6,0,1,cache
vote,optmath,sample_32,all_pinned,13,0,0,cache
vote,optmath,sample_35,all_pinned,12,0,1,cache
vote,optmath,sample_10,all_pinned,13,0,1,cache
vote,optmath,sample_45,all_pinned,5,0,1,cache
vote,optmath,sample_44,all_pinned,5,0,0,cache
vote,optmath,sample_47,all_pinned,4,0,1,cache
vote,optmath,sample_50,all_pinned,5,0,0,cache
vote,optmath,sample_51,all_pinned,4,0,0,cache
vote,optmath,sample_24,all_pinned,9,0,0,cache
vote,optmath,sample_28,all_pinned,13,0,0,cache
vote,optmath,sample_42,all_pinned,13,0,0,cache
vote,optmath,sample_56,all_pinned,5,0,1,cache
vote,optmath,sample_38,all_pinned,11,0,1,cache
vote,optmath,sample_43,all_pinned,13,0,0,cache
vote,optmath,sample_58,all_pinned,3,0,0,cache
vote,optmath,sample_46,all_pinned,9,0,1,cache
vote,optmath,sample_61,all_pinned,4,0,0,cache
vote,optmath,sample_49,all_pinned,6,0,0,cache
vote,optmath,sample_63,all_pinned,4,0,0,cache
vote,optmath,sample_57,all_pinned,5,0,0,cache
vote,optmath,sample_64,all_pinned,4,0,1,cache
vote,optmath,sample_60,all_pinned,8,0,0,cache
vote,optmath,sample_62,all_pinned,9,0,0,cache
vote,optmath,sample_55,all_pinned,10,0,0,cache
vote,optmath,sample_40,all_pinned,13,0,1,cache
vote,optmath,sample_65,all_pinned,7,0,1,cache
vote,optmath,sample_66,all_pinned,7,0,1,cache
vote,optmath,sample_54,all_pinned,13,0,0,cache
vote,optmath,sample_70,all_pinned,4,0,1,cache
vote,optmath,sample_48,all_pinned,12,0,0,cache
vote,optmath,sample_52,all_pinned,13,0,0,cache
vote,optmath,sample_75,all_pinned,5,0,0,cache
vote,optmath,sample_33,all_pinned,13,0,0,cache
vote,optmath,sample_68,all_pinned,8,0,0,cache
vote,optmath,sample_72,all_pinned,7,0,0,cache
vote,optmath,sample_73,all_pinned,9,0,0,cache
vote,optmath,sample_67,all_pinned,13,0,1,cache
vote,optmath,sample_81,all_pinned,4,0,0,cache
vote,optmath,sample_59,all_pinned,13,0,0,cache
vote,optmath,sample_82,all_pinned,5,0,0,cache
vote,optmath,sample_83,all_pinned,5,0,1,cache
vote,optmath,sample_80,all_pinned,5,0,0,cache
vote,optmath,sample_86,unattributed,0,1,0,none
vote,optmath,sample_74,all_pinned,13,0,0,cache
vote,optmath,sample_85,all_pinned,4,0,1,cache
vote,optmath,sample_90,all_pinned,5,0,1,cache
vote,optmath,sample_91,all_pinned,4,0,1,cache
vote,optmath,sample_71,all_pinned,13,0,1,cache
vote,optmath,sample_93,unattributed,0,1,0,none
vote,optmath,sample_53,all_pinned,13,0,0,cache
vote,optmath,sample_95,all_pinned,4,0,1,cache
vote,optmath,sample_87,all_pinned,8,0,0,cache
vote,optmath,sample_94,all_pinned,4,0,1,cache
vote,optmath,sample_89,all_pinned,6,0,0,cache
vote,optmath,sample_69,all_pinned,13,0,0,cache
vote,optmath,sample_77,all_pinned,13,0,0,cache
vote,optmath,sample_96,all_pinned,4,0,0,cache
vote,optmath,sample_100,all_pinned,5,0,0,cache
vote,optmath,sample_79,all_pinned,11,0,0,cache
vote,optmath,sample_97,all_pinned,5,0,0,cache
vote,optmath,sample_98,all_pinned,5,0,0,cache
vote,optmath,sample_92,all_pinned,13,0,0,cache
vote,optmath,sample_107,all_pinned,4,0,0,cache
vote,optmath,sample_104,all_pinned,4,0,0,cache
vote,optmath,sample_76,all_pinned,13,0,1,cache
vote,optmath,sample_105,all_pinned,5,0,0,cache
vote,optmath,sample_84,all_pinned,13,0,1,cache
vote,optmath,sample_111,unattributed,0,1,0,none
vote,optmath,sample_112,all_pinned,4,0,0,cache
vote,optmath,sample_101,all_pinned,8,0,1,cache
vote,optmath,sample_110,all_pinned,4,0,1,cache
vote,optmath,sample_88,all_pinned,13,0,1,cache
vote,optmath,sample_108,all_pinned,4,0,0,cache
vote,optmath,sample_109,all_pinned,8,0,1,cache
vote,optmath,sample_78,all_pinned,13,0,0,cache
vote,optmath,sample_99,all_pinned,13,0,1,cache
vote,optmath,sample_120,all_pinned,4,0,1,cache
vote,optmath,sample_121,all_pinned,3,0,0,cache
vote,optmath,sample_113,all_pinned,5,0,1,cache
vote,optmath,sample_102,all_pinned,9,0,0,cache
vote,optmath,sample_123,all_pinned,4,0,1,cache
vote,optmath,sample_125,all_pinned,4,0,1,cache
vote,optmath,sample_126,all_pinned,4,0,1,cache
vote,optmath,sample_127,all_pinned,3,0,0,cache
vote,optmath,sample_117,all_pinned,10,0,0,cache
vote,optmath,sample_103,all_pinned,13,0,0,cache
vote,optmath,sample_130,all_pinned,6,0,1,cache
vote,optmath,sample_116,all_pinned,13,0,0,cache
vote,optmath,sample_122,all_pinned,7,0,1,cache
vote,optmath,sample_106,all_pinned,13,0,0,cache
vote,optmath,sample_115,all_pinned,13,0,1,cache
vote,optmath,sample_128,all_pinned,6,0,1,cache
vote,optmath,sample_119,all_pinned,12,0,1,cache
vote,optmath,sample_118,all_pinned,9,0,1,cache
vote,optmath,sample_132,all_pinned,11,0,1,cache
vote,optmath,sample_131,all_pinned,13,0,1,cache
vote,optmath,sample_134,all_pinned,5,0,1,cache
vote,optmath,sample_135,all_pinned,10,0,1,cache
vote,optmath,sample_139,all_pinned,8,0,1,cache
vote,optmath,sample_129,all_pinned,13,0,0,cache
vote,optmath,sample_114,all_pinned,13,0,0,cache
vote,optmath,sample_124,all_pinned,12,0,1,cache
vote,optmath,sample_144,all_pinned,3,0,1,cache
vote,optmath,sample_133,all_pinned,13,0,1,cache
vote,optmath,sample_138,all_pinned,8,0,1,cache
vote,optmath,sample_146,all_pinned,4,0,1,cache
vote,optmath,sample_136,all_pinned,13,0,1,cache
vote,optmath,sample_149,all_pinned,5,0,1,cache
vote,optmath,sample_140,all_pinned,13,0,0,cache
vote,optmath,sample_148,all_pinned,4,0,1,cache
vote,optmath,sample_145,all_pinned,6,0,1,cache
vote,optmath,sample_137,all_pinned,13,0,1,cache
vote,optmath,sample_143,all_pinned,7,0,1,cache
vote,optmath,sample_150,all_pinned,5,0,1,cache
vote,optmath,sample_141,all_pinned,13,0,1,cache
vote,optmath,sample_155,all_pinned,6,0,1,cache
vote,optmath,sample_158,all_pinned,5,0,1,cache
vote,optmath,sample_152,all_pinned,5,0,1,cache
vote,optmath,sample_151,all_pinned,13,0,1,cache
vote,optmath,sample_153,all_pinned,9,0,1,cache
vote,optmath,sample_160,all_pinned,5,0,1,cache
vote,optmath,sample_154,all_pinned,6,0,1,cache
vote,optmath,sample_157,all_pinned,5,0,1,cache
vote,optmath,sample_142,all_pinned,13,0,0,cache
vote,optmath,sample_159,all_pinned,5,0,1,cache
vote,optmath,sample_161,all_pinned,4,0,1,cache
vote,optmath,sample_147,all_pinned,13,0,0,cache
vote,optmath,sample_166,all_pinned,5,0,1,cache
vote,optmath,sample_165,all_pinned,8,0,1,cache
vote,optmath,sample_164,all_pinned,13,0,0,cache
vote,optmath,sample_162,all_pinned,7,0,1,cache
vote,optmath,sample_156,all_pinned,13,0,0,cache
vote,optmath,sample_163,all_pinned,13,0,1,cache
runsok,optibench,sample_4,all_pinned,3,0,1,cache
runsok,optibench,sample_8,all_pinned,3,0,1,cache
runsok,optibench,sample_1,all_pinned,3,0,1,cache
runsok,optibench,sample_9,all_pinned,5,0,1,cache
runsok,optibench,sample_5,all_pinned,4,0,0,cache
runsok,optibench,sample_3,all_pinned,4,0,1,cache
runsok,optibench,sample_11,all_pinned,4,0,1,cache
runsok,optibench,sample_12,all_pinned,6,0,1,cache
runsok,optibench,sample_10,all_pinned,7,0,1,cache
runsok,optibench,sample_17,all_pinned,5,0,0,cache
runsok,optibench,sample_2,all_pinned,7,0,1,cache
runsok,optibench,sample_20,all_pinned,4,0,1,cache
runsok,optibench,sample_6,all_pinned,9,0,1,cache
runsok,optibench,sample_18,all_pinned,6,0,1,cache
runsok,optibench,sample_15,all_pinned,4,0,1,cache
runsok,optibench,sample_7,all_pinned,5,0,0,cache
runsok,optibench,sample_23,all_pinned,3,0,1,cache
runsok,optibench,sample_13,all_pinned,9,0,1,cache
runsok,optibench,sample_24,all_pinned,4,0,1,cache
runsok,optibench,sample_22,all_pinned,4,0,1,cache
runsok,optibench,sample_21,all_pinned,6,0,0,cache
runsok,optibench,sample_27,all_pinned,4,0,1,cache
runsok,optibench,sample_14,all_pinned,11,0,1,cache
runsok,optibench,sample_28,all_pinned,4,0,1,cache
runsok,optibench,sample_31,all_pinned,3,0,1,cache
runsok,optibench,sample_25,all_pinned,8,0,1,cache
runsok,optibench,sample_38,all_pinned,4,0,0,cache
runsok,optibench,sample_32,all_pinned,7,0,1,cache
runsok,optibench,sample_16,all_pinned,11,0,1,cache
runsok,optibench,sample_26,all_pinned,9,0,0,cache
runsok,optibench,sample_36,all_pinned,5,0,0,cache
runsok,optibench,sample_37,all_pinned,7,0,1,cache
runsok,optibench,sample_42,all_pinned,3,0,1,cache
runsok,optibench,sample_43,all_pinned,5,0,0,cache
runsok,optibench,sample_40,all_pinned,6,0,1,cache
runsok,optibench,sample_34,all_pinned,8,0,0,cache
runsok,optibench,sample_46,all_pinned,4,0,1,cache
runsok,optibench,sample_35,all_pinned,5,0,1,cache
runsok,optibench,sample_33,all_pinned,9,0,0,cache
runsok,optibench,sample_29,all_pinned,8,0,1,cache
runsok,optibench,sample_19,all_pinned,13,0,1,cache
runsok,optibench,sample_30,all_pinned,13,0,0,cache
runsok,optibench,sample_47,all_pinned,6,0,0,cache
runsok,optibench,sample_44,all_pinned,5,0,0,cache
runsok,optibench,sample_48,all_pinned,7,0,0,cache
runsok,optibench,sample_51,all_pinned,4,0,1,cache
runsok,optibench,sample_52,all_pinned,6,0,1,cache
runsok,optibench,sample_55,all_pinned,5,0,1,cache
runsok,optibench,sample_56,all_pinned,3,0,1,cache
runsok,optibench,sample_50,all_pinned,7,0,0,cache
runsok,optibench,sample_58,all_pinned,3,0,1,cache
runsok,optibench,sample_60,all_pinned,3,0,0,cache
runsok,optibench,sample_63,all_pinned,3,0,1,cache
runsok,optibench,sample_62,all_pinned,3,0,1,cache
runsok,optibench,sample_57,all_pinned,9,0,1,cache
runsok,optibench,sample_41,all_pinned,13,0,0,cache
runsok,optibench,sample_59,all_pinned,5,0,1,cache
runsok,optibench,sample_64,all_pinned,4,0,1,cache
runsok,optibench,sample_54,all_pinned,5,0,1,cache
runsok,optibench,sample_66,all_pinned,4,0,1,cache
runsok,optibench,sample_65,all_pinned,5,0,1,cache
runsok,optibench,sample_49,all_pinned,13,0,0,cache
runsok,optibench,sample_61,all_pinned,8,0,1,cache
runsok,optibench,sample_72,all_pinned,3,0,1,cache
runsok,optibench,sample_69,all_pinned,5,0,1,cache
runsok,optibench,sample_45,all_pinned,13,0,1,cache
runsok,optibench,sample_68,all_pinned,7,0,1,cache
runsok,optibench,sample_74,all_pinned,4,0,1,cache
runsok,optibench,sample_70,all_pinned,5,0,1,cache
runsok,optibench,sample_75,all_pinned,5,0,1,cache
runsok,optibench,sample_67,all_pinned,5,0,1,cache
runsok,optibench,sample_78,all_pinned,4,0,1,cache
runsok,optibench,sample_71,all_pinned,4,0,1,cache
runsok,optibench,sample_73,all_pinned,4,0,1,cache
runsok,optibench,sample_82,all_pinned,4,0,1,cache
runsok,optibench,sample_77,all_pinned,6,0,1,cache
runsok,optibench,sample_79,all_pinned,4,0,0,cache
runsok,optibench,sample_53,all_pinned,13,0,0,cache
runsok,optibench,sample_80,all_pinned,5,0,1,cache
runsok,optibench,sample_83,all_pinned,5,0,0,cache
runsok,optibench,sample_89,all_pinned,4,0,1,cache
runsok,optibench,sample_85,all_pinned,5,0,1,cache
runsok,optibench,sample_92,all_pinned,3,0,0,cache
runsok,optibench,sample_84,all_pinned,6,0,1,cache
runsok,optibench,sample_39,all_pinned,13,0,0,cache
runsok,optibench,sample_86,all_pinned,5,0,1,cache
runsok,optibench,sample_91,all_pinned,5,0,1,cache
runsok,optibench,sample_93,all_pinned,4,0,1,cache
runsok,optibench,sample_76,all_pinned,9,0,1,cache
runsok,optibench,sample_97,all_pinned,4,0,1,cache
runsok,optibench,sample_94,all_pinned,5,0,1,cache
runsok,optibench,sample_96,all_pinned,6,0,1,cache
runsok,optibench,sample_100,all_pinned,6,0,0,cache
runsok,optibench,sample_102,all_pinned,4,0,0,cache
runsok,optibench,sample_98,all_pinned,4,0,0,cache
runsok,optibench,sample_99,all_pinned,6,0,1,cache
runsok,optibench,sample_104,all_pinned,4,0,1,cache
runsok,optibench,sample_90,all_pinned,7,0,1,cache
runsok,optibench,sample_88,all_pinned,6,0,1,cache
runsok,optibench,sample_101,all_pinned,7,0,1,cache
runsok,optibench,sample_107,all_pinned,4,0,1,cache
runsok,optibench,sample_108,all_pinned,5,0,0,cache
runsok,optibench,sample_109,all_pinned,5,0,1,cache
runsok,optibench,sample_110,all_pinned,5,0,0,cache
runsok,optibench,sample_111,all_pinned,7,0,1,cache
runsok,optibench,sample_106,all_pinned,7,0,0,cache
runsok,optibench,sample_87,all_pinned,13,0,1,cache
runsok,optibench,sample_116,all_pinned,5,0,1,cache
runsok,optibench,sample_95,all_pinned,4,0,0,cache
runsok,optibench,sample_114,all_pinned,6,0,1,cache
runsok,optibench,sample_117,all_pinned,3,0,1,cache
runsok,optibench,sample_112,all_pinned,8,0,1,cache
runsok,optibench,sample_113,all_pinned,6,0,1,cache
runsok,optibench,sample_103,all_pinned,13,0,0,cache
runsok,optibench,sample_124,all_pinned,3,0,0,cache
runsok,optibench,sample_118,all_pinned,3,0,0,cache
runsok,optibench,sample_81,all_pinned,13,0,0,cache
runsok,optibench,sample_105,all_pinned,13,0,0,cache
runsok,optibench,sample_115,all_pinned,7,0,0,cache
runsok,optibench,sample_128,all_pinned,4,0,1,cache
runsok,optibench,sample_120,all_pinned,7,0,1,cache
runsok,optibench,sample_119,all_pinned,6,0,1,cache
runsok,optibench,sample_125,all_pinned,8,0,1,cache
runsok,optibench,sample_129,all_pinned,4,0,1,cache
runsok,optibench,sample_133,all_pinned,3,0,1,cache
runsok,optibench,sample_130,all_pinned,5,0,0,cache
runsok,optibench,sample_137,all_pinned,4,0,1,cache
runsok,optibench,sample_135,all_pinned,4,0,1,cache
runsok,optibench,sample_138,all_pinned,5,0,1,cache
runsok,optibench,sample_136,all_pinned,6,0,0,cache
runsok,optibench,sample_127,all_pinned,9,0,1,cache
runsok,optibench,sample_123,all_pinned,11,0,0,cache
runsok,optibench,sample_122,all_pinned,3,0,0,cache
runsok,optibench,sample_126,all_pinned,13,0,0,cache
runsok,optibench,sample_132,all_pinned,7,0,0,cache
runsok,optibench,sample_145,all_pinned,3,0,0,cache
runsok,optibench,sample_143,all_pinned,4,0,1,cache
runsok,optibench,sample_146,all_pinned,4,0,1,cache
runsok,optibench,sample_131,all_pinned,7,0,0,cache
runsok,optibench,sample_139,all_pinned,8,0,1,cache
runsok,optibench,sample_144,all_pinned,5,0,1,cache
runsok,optibench,sample_140,all_pinned,6,0,1,cache
runsok,optibench,sample_121,all_pinned,13,0,0,cache
runsok,optibench,sample_148,all_pinned,5,0,1,cache
runsok,optibench,sample_150,all_pinned,7,0,0,cache
runsok,optibench,sample_155,all_pinned,4,0,1,cache
runsok,optibench,sample_153,all_pinned,4,0,1,cache
runsok,optibench,sample_151,all_pinned,4,0,1,cache
runsok,optibench,sample_154,all_pinned,5,0,0,cache
runsok,optibench,sample_156,all_pinned,5,0,1,cache
runsok,optibench,sample_159,all_pinned,3,0,1,cache
runsok,optibench,sample_160,any_variant,5,0,0,cache
runsok,optibench,sample_149,all_pinned,7,0,1,cache
runsok,optibench,sample_141,all_pinned,9,0,0,cache
runsok,optibench,sample_161,all_pinned,3,0,1,cache
runsok,optibench,sample_142,all_pinned,13,0,0,cache
runsok,optibench,sample_162,all_pinned,4,0,1,cache
runsok,optibench,sample_167,all_pinned,5,0,1,cache
runsok,optibench,sample_157,all_pinned,6,0,1,cache
runsok,optibench,sample_168,all_pinned,3,0,1,cache
runsok,optibench,sample_165,all_pinned,5,0,0,cache
runsok,optibench,sample_164,all_pinned,5,0,1,cache
runsok,optibench,sample_147,all_pinned,10,0,0,cache
runsok,optibench,sample_171,all_pinned,3,0,1,cache
runsok,optibench,sample_170,all_pinned,3,0,1,cache
runsok,optibench,sample_169,all_pinned,4,0,1,cache
runsok,optibench,sample_134,all_pinned,13,0,0,cache
runsok,optibench,sample_172,all_pinned,3,0,1,cache
runsok,optibench,sample_174,all_pinned,5,0,1,cache
runsok,optibench,sample_163,all_pinned,13,0,1,cache
runsok,optibench,sample_179,all_pinned,3,0,0,cache
runsok,optibench,sample_180,all_pinned,4,0,1,cache
runsok,optibench,sample_152,all_pinned,9,0,1,cache
runsok,optibench,sample_182,all_pinned,3,0,1,cache
runsok,optibench,sample_177,all_pinned,6,0,1,cache
runsok,optibench,sample_186,all_pinned,3,0,1,cache
runsok,optibench,sample_181,all_pinned,6,0,0,cache
runsok,optibench,sample_184,all_pinned,7,0,1,cache
runsok,optibench,sample_178,all_pinned,9,0,0,cache
runsok,optibench,sample_173,all_pinned,10,0,1,cache
runsok,optibench,sample_189,all_pinned,4,0,1,cache
runsok,optibench,sample_166,all_pinned,13,0,0,cache
runsok,optibench,sample_187,all_pinned,4,0,1,cache
runsok,optibench,sample_188,all_pinned,6,0,1,cache
runsok,optibench,sample_192,all_pinned,4,0,1,cache
runsok,optibench,sample_185,all_pinned,7,0,1,cache
runsok,optibench,sample_176,all_pinned,9,0,1,cache
runsok,optibench,sample_190,all_pinned,6,0,1,cache
runsok,optibench,sample_194,all_pinned,5,0,1,cache
runsok,optibench,sample_198,all_pinned,3,0,1,cache
runsok,optibench,sample_200,all_pinned,4,0,1,cache
runsok,optibench,sample_199,all_pinned,4,0,1,cache
runsok,optibench,sample_193,all_pinned,5,0,0,cache
runsok,optibench,sample_201,all_pinned,5,0,1,cache
runsok,optibench,sample_202,all_pinned,4,0,1,cache
runsok,optibench,sample_196,all_pinned,7,0,1,cache
runsok,optibench,sample_195,all_pinned,9,0,1,cache
runsok,optibench,sample_206,all_pinned,3,0,1,cache
runsok,optibench,sample_197,all_pinned,6,0,1,cache
runsok,optibench,sample_208,all_pinned,4,0,1,cache
runsok,optibench,sample_158,all_pinned,13,0,0,cache
runsok,optibench,sample_209,all_pinned,4,0,1,cache
runsok,optibench,sample_175,all_pinned,13,0,1,cache
runsok,optibench,sample_204,all_pinned,4,0,1,cache
runsok,optibench,sample_211,all_pinned,4,0,1,cache
runsok,optibench,sample_183,all_pinned,13,0,0,cache
runsok,optibench,sample_191,all_pinned,13,0,1,cache
runsok,optibench,sample_213,all_pinned,3,0,1,cache
runsok,optibench,sample_205,all_pinned,4,0,1,cache
runsok,optibench,sample_215,all_pinned,4,0,1,cache
runsok,optibench,sample_218,all_pinned,5,0,1,cache
runsok,optibench,sample_212,all_pinned,7,0,1,cache
runsok,optibench,sample_210,all_pinned,9,0,1,cache
runsok,optibench,sample_220,all_pinned,4,0,1,cache
runsok,optibench,sample_217,all_pinned,5,0,1,cache
runsok,optibench,sample_216,all_pinned,6,0,1,cache
runsok,optibench,sample_203,all_pinned,8,0,0,cache
runsok,optibench,sample_225,all_pinned,3,0,1,cache
runsok,optibench,sample_226,all_pinned,3,0,1,cache
runsok,optibench,sample_219,all_pinned,8,0,1,cache
runsok,optibench,sample_230,all_pinned,4,0,1,cache
runsok,optibench,sample_207,all_pinned,13,0,1,cache
runsok,optibench,sample_214,all_pinned,7,0,0,cache
runsok,optibench,sample_221,all_pinned,8,0,1,cache
runsok,optibench,sample_227,all_pinned,7,0,1,cache
runsok,optibench,sample_228,all_pinned,7,0,1,cache
runsok,optibench,sample_231,all_pinned,6,0,1,cache
runsok,optibench,sample_233,all_pinned,4,0,1,cache
runsok,optibench,sample_222,all_pinned,13,0,1,cache
runsok,optibench,sample_240,all_pinned,4,0,1,cache
runsok,optibench,sample_238,all_pinned,4,0,1,cache
runsok,optibench,sample_236,all_pinned,4,0,1,cache
runsok,optibench,sample_229,all_pinned,9,0,0,cache
runsok,optibench,sample_224,all_pinned,8,0,1,cache
runsok,optibench,sample_239,all_pinned,6,0,1,cache
runsok,optibench,sample_245,all_pinned,4,0,1,cache
runsok,optibench,sample_243,all_pinned,6,0,1,cache
runsok,optibench,sample_244,all_pinned,4,0,1,cache
runsok,optibench,sample_242,all_pinned,5,0,1,cache
runsok,optibench,sample_250,unattributed,0,1,0,none
runsok,optibench,sample_223,all_pinned,9,0,0,cache
runsok,optibench,sample_235,all_pinned,4,0,0,cache
runsok,optibench,sample_241,all_pinned,8,0,0,cache
runsok,optibench,sample_247,all_pinned,4,0,1,cache
runsok,optibench,sample_249,all_pinned,3,0,1,cache
runsok,optibench,sample_251,all_pinned,3,0,1,cache
runsok,optibench,sample_253,all_pinned,7,0,1,cache
runsok,optibench,sample_248,all_pinned,6,0,1,cache
runsok,optibench,sample_252,all_pinned,5,0,1,cache
runsok,optibench,sample_232,all_pinned,13,0,0,cache
runsok,optibench,sample_260,all_pinned,4,0,1,cache
runsok,optibench,sample_258,all_pinned,7,0,1,cache
runsok,optibench,sample_255,all_pinned,8,0,1,cache
runsok,optibench,sample_256,all_pinned,6,0,1,cache
runsok,optibench,sample_261,all_pinned,5,0,1,cache
runsok,optibench,sample_237,all_pinned,12,0,1,cache
runsok,optibench,sample_264,all_pinned,3,0,1,cache
runsok,optibench,sample_266,all_pinned,4,0,0,cache
runsok,optibench,sample_268,all_pinned,4,0,1,cache
runsok,optibench,sample_234,all_pinned,13,0,0,cache
runsok,optibench,sample_262,all_pinned,6,0,1,cache
runsok,optibench,sample_259,all_pinned,8,0,1,cache
runsok,optibench,sample_270,all_pinned,4,0,0,cache
runsok,optibench,sample_272,all_pinned,3,0,1,cache
runsok,optibench,sample_271,all_pinned,5,0,0,cache
runsok,optibench,sample_267,all_pinned,6,0,0,cache
runsok,optibench,sample_269,all_pinned,6,0,0,cache
runsok,optibench,sample_274,all_pinned,3,0,1,cache
runsok,optibench,sample_265,all_pinned,7,0,1,cache
runsok,optibench,sample_276,all_pinned,5,0,0,cache
runsok,optibench,sample_278,all_pinned,5,0,1,cache
runsok,optibench,sample_277,all_pinned,5,0,1,cache
runsok,optibench,sample_280,all_pinned,4,0,1,cache
runsok,optibench,sample_275,all_pinned,8,0,1,cache
runsok,optibench,sample_257,all_pinned,13,0,0,cache
runsok,optibench,sample_273,all_pinned,7,0,1,cache
runsok,optibench,sample_282,all_pinned,4,0,1,cache
runsok,optibench,sample_254,all_pinned,13,0,1,cache
runsok,optibench,sample_283,all_pinned,4,0,1,cache
runsok,optibench,sample_286,all_pinned,5,0,1,cache
runsok,optibench,sample_263,all_pinned,13,0,1,cache
runsok,optibench,sample_288,all_pinned,5,0,1,cache
runsok,optibench,sample_285,all_pinned,6,0,1,cache
runsok,optibench,sample_291,all_pinned,4,0,0,cache
runsok,optibench,sample_284,all_pinned,6,0,1,cache
runsok,optibench,sample_281,all_pinned,7,0,0,cache
runsok,optibench,sample_290,all_pinned,5,0,0,cache
runsok,optibench,sample_293,all_pinned,4,0,0,cache
runsok,optibench,sample_298,all_pinned,6,0,1,cache
runsok,optibench,sample_292,all_pinned,5,0,1,cache
runsok,optibench,sample_297,all_pinned,4,0,1,cache
runsok,optibench,sample_246,all_pinned,13,0,0,cache
runsok,optibench,sample_303,all_pinned,4,0,1,cache
runsok,optibench,sample_296,all_pinned,4,0,1,cache
runsok,optibench,sample_302,all_pinned,5,0,1,cache
runsok,optibench,sample_300,all_pinned,4,0,1,cache
runsok,optibench,sample_307,all_pinned,4,0,1,cache
runsok,optibench,sample_279,all_pinned,13,0,1,cache
runsok,optibench,sample_304,all_pinned,5,0,0,cache
runsok,optibench,sample_295,all_pinned,3,0,1,cache
runsok,optibench,sample_287,all_pinned,13,0,0,cache
runsok,optibench,sample_289,all_pinned,13,0,0,cache
runsok,optibench,sample_312,all_pinned,4,0,1,cache
runsok,optibench,sample_308,all_pinned,5,0,1,cache
runsok,optibench,sample_305,all_pinned,8,0,0,cache
runsok,optibench,sample_313,all_pinned,3,0,1,cache
runsok,optibench,sample_299,all_pinned,11,0,1,cache
runsok,optibench,sample_314,all_pinned,6,0,1,cache
runsok,optibench,sample_316,all_pinned,4,0,1,cache
runsok,optibench,sample_315,all_pinned,3,0,0,cache
runsok,optibench,sample_294,all_pinned,8,0,0,cache
runsok,optibench,sample_306,all_pinned,11,0,1,cache
runsok,optibench,sample_317,all_pinned,4,0,1,cache
runsok,optibench,sample_301,all_pinned,13,0,1,cache
runsok,optibench,sample_311,all_pinned,6,0,1,cache
runsok,optibench,sample_318,all_pinned,4,0,1,cache
runsok,optibench,sample_321,all_pinned,4,0,1,cache
runsok,optibench,sample_325,all_pinned,4,0,1,cache
runsok,optibench,sample_320,all_pinned,5,0,1,cache
runsok,optibench,sample_309,all_pinned,12,0,1,cache
runsok,optibench,sample_319,all_pinned,4,0,1,cache
runsok,optibench,sample_323,all_pinned,5,0,1,cache
runsok,optibench,sample_310,all_pinned,8,0,0,cache
runsok,optibench,sample_333,all_pinned,5,0,0,cache
runsok,optibench,sample_330,all_pinned,6,0,1,cache
runsok,optibench,sample_335,all_pinned,4,0,1,cache
runsok,optibench,sample_331,all_pinned,6,0,0,cache
runsok,optibench,sample_324,all_pinned,10,0,1,cache
runsok,optibench,sample_328,all_pinned,10,0,1,cache
runsok,optibench,sample_327,all_pinned,12,0,0,cache
runsok,optibench,sample_332,all_pinned,4,0,1,cache
runsok,optibench,sample_336,all_pinned,4,0,1,cache
runsok,optibench,sample_334,all_pinned,4,0,1,cache
runsok,optibench,sample_343,all_pinned,3,0,1,cache
runsok,optibench,sample_329,all_pinned,13,0,1,cache
runsok,optibench,sample_339,all_pinned,5,0,0,cache
runsok,optibench,sample_340,all_pinned,4,0,1,cache
runsok,optibench,sample_341,all_pinned,5,0,1,cache
runsok,optibench,sample_326,all_pinned,8,0,1,cache
runsok,optibench,sample_351,all_pinned,4,0,0,cache
runsok,optibench,sample_345,all_pinned,6,0,1,cache
runsok,optibench,sample_337,all_pinned,5,0,1,cache
runsok,optibench,sample_349,all_pinned,5,0,1,cache
runsok,optibench,sample_353,all_pinned,4,0,1,cache
runsok,optibench,sample_322,all_pinned,13,0,0,cache
runsok,optibench,sample_344,all_pinned,8,0,0,cache
runsok,optibench,sample_356,all_pinned,3,0,0,cache
runsok,optibench,sample_347,all_pinned,7,0,0,cache
runsok,optibench,sample_338,all_pinned,7,0,1,cache
runsok,optibench,sample_354,all_pinned,4,0,1,cache
runsok,optibench,sample_357,all_pinned,5,0,1,cache
runsok,optibench,sample_360,all_pinned,4,0,0,cache
runsok,optibench,sample_346,all_pinned,9,0,0,cache
runsok,optibench,sample_342,all_pinned,10,0,1,cache
runsok,optibench,sample_358,all_pinned,5,0,1,cache
runsok,optibench,sample_365,all_pinned,5,0,1,cache
runsok,optibench,sample_361,all_pinned,4,0,1,cache
runsok,optibench,sample_366,all_pinned,3,0,1,cache
runsok,optibench,sample_364,all_pinned,5,0,0,cache
runsok,optibench,sample_352,all_pinned,8,0,0,cache
runsok,optibench,sample_348,all_pinned,8,0,0,cache
runsok,optibench,sample_367,all_pinned,8,0,1,cache
runsok,optibench,sample_350,all_pinned,13,0,1,cache
runsok,optibench,sample_362,all_pinned,5,0,1,cache
runsok,optibench,sample_372,all_pinned,4,0,1,cache
runsok,optibench,sample_369,all_pinned,6,0,0,cache
runsok,optibench,sample_355,all_pinned,12,0,1,cache
runsok,optibench,sample_368,all_pinned,8,0,1,cache
runsok,optibench,sample_370,all_pinned,6,0,1,cache
runsok,optibench,sample_374,all_pinned,4,0,1,cache
runsok,optibench,sample_380,all_pinned,4,0,1,cache
runsok,optibench,sample_382,all_pinned,4,0,1,cache
runsok,optibench,sample_377,all_pinned,5,0,1,cache
runsok,optibench,sample_375,all_pinned,7,0,1,cache
runsok,optibench,sample_384,all_pinned,3,0,0,cache
runsok,optibench,sample_381,all_pinned,7,0,1,cache
runsok,optibench,sample_383,all_pinned,5,0,1,cache
runsok,optibench,sample_385,all_pinned,5,0,1,cache
runsok,optibench,sample_379,all_pinned,4,0,0,cache
runsok,optibench,sample_359,all_pinned,13,0,0,cache
runsok,optibench,sample_371,all_pinned,9,0,1,cache
runsok,optibench,sample_389,all_pinned,3,0,1,cache
runsok,optibench,sample_373,all_pinned,5,0,0,cache
runsok,optibench,sample_386,all_pinned,7,0,0,cache
runsok,optibench,sample_378,all_pinned,9,0,0,cache
runsok,optibench,sample_387,all_pinned,4,0,1,cache
runsok,optibench,sample_363,all_pinned,13,0,0,cache
runsok,optibench,sample_388,all_pinned,4,0,0,cache
runsok,optibench,sample_390,all_pinned,4,0,1,cache
runsok,optibench,sample_394,all_pinned,4,0,1,cache
runsok,optibench,sample_395,all_pinned,3,0,1,cache
runsok,optibench,sample_376,all_pinned,11,0,0,cache
runsok,optibench,sample_392,all_pinned,5,0,1,cache
runsok,optibench,sample_401,all_pinned,4,0,1,cache
runsok,optibench,sample_404,all_pinned,4,0,1,cache
runsok,optibench,sample_402,all_pinned,7,0,1,cache
runsok,optibench,sample_403,all_pinned,7,0,1,cache
runsok,optibench,sample_405,all_pinned,4,0,0,cache
runsok,optibench,sample_407,all_pinned,3,0,1,cache
runsok,optibench,sample_397,all_pinned,5,0,1,cache
runsok,optibench,sample_398,all_pinned,6,0,1,cache
runsok,optibench,sample_391,all_pinned,6,0,1,cache
runsok,optibench,sample_400,all_pinned,6,0,1,cache
runsok,optibench,sample_393,all_pinned,13,0,0,cache
runsok,optibench,sample_413,all_pinned,4,0,1,cache
runsok,optibench,sample_406,all_pinned,4,0,1,cache
runsok,optibench,sample_416,all_pinned,4,0,1,cache
runsok,optibench,sample_415,all_pinned,5,0,1,cache
runsok,optibench,sample_408,all_pinned,7,0,0,cache
runsok,optibench,sample_399,all_pinned,13,0,0,cache
runsok,optibench,sample_417,all_pinned,4,0,1,cache
runsok,optibench,sample_411,all_pinned,8,0,1,cache
runsok,optibench,sample_419,all_pinned,4,0,1,cache
runsok,optibench,sample_420,all_pinned,4,0,1,cache
runsok,optibench,sample_410,all_pinned,5,0,0,cache
runsok,optibench,sample_423,all_pinned,5,0,1,cache
runsok,optibench,sample_421,all_pinned,7,0,1,cache
runsok,optibench,sample_425,all_pinned,4,0,1,cache
runsok,optibench,sample_426,all_pinned,4,0,0,cache
runsok,optibench,sample_428,all_pinned,3,0,1,cache
runsok,optibench,sample_429,all_pinned,3,0,1,cache
runsok,optibench,sample_424,all_pinned,7,0,0,cache
runsok,optibench,sample_412,all_pinned,13,0,1,cache
runsok,optibench,sample_431,all_pinned,4,0,1,cache
runsok,optibench,sample_433,all_pinned,4,0,1,cache
runsok,optibench,sample_422,all_pinned,6,0,0,cache
runsok,optibench,sample_414,all_pinned,11,0,0,cache
runsok,optibench,sample_427,all_pinned,8,0,0,cache
runsok,optibench,sample_437,all_pinned,4,0,0,cache
runsok,optibench,sample_396,all_pinned,13,0,0,cache
runsok,optibench,sample_418,all_pinned,13,0,0,cache
runsok,optibench,sample_435,all_pinned,5,0,1,cache
runsok,optibench,sample_439,all_pinned,5,0,0,cache
runsok,optibench,sample_442,all_pinned,4,0,1,cache
runsok,optibench,sample_409,all_pinned,13,0,1,cache
runsok,optibench,sample_444,all_pinned,5,0,1,cache
runsok,optibench,sample_443,all_pinned,5,0,1,cache
runsok,optibench,sample_436,all_pinned,5,0,1,cache
runsok,optibench,sample_434,all_pinned,7,0,1,cache
runsok,optibench,sample_430,all_pinned,6,0,1,cache
runsok,optibench,sample_445,all_pinned,5,0,0,cache
runsok,optibench,sample_438,all_pinned,4,0,1,cache
runsok,optibench,sample_454,all_pinned,3,0,1,cache
runsok,optibench,sample_441,all_pinned,6,0,1,cache
runsok,optibench,sample_449,all_pinned,6,0,1,cache
runsok,optibench,sample_453,all_pinned,7,0,1,cache
runsok,optibench,sample_447,any_variant,13,0,1,cache
runsok,optibench,sample_450,all_pinned,4,0,0,cache
runsok,optibench,sample_458,all_pinned,4,0,1,cache
runsok,optibench,sample_452,all_pinned,8,0,0,cache
runsok,optibench,sample_461,all_pinned,4,0,1,cache
runsok,optibench,sample_463,all_pinned,3,0,1,cache
runsok,optibench,sample_448,all_pinned,4,0,1,cache
runsok,optibench,sample_451,all_pinned,12,0,1,cache
runsok,optibench,sample_455,all_pinned,12,0,1,cache
runsok,optibench,sample_440,all_pinned,5,0,1,cache
runsok,optibench,sample_459,all_pinned,4,0,1,cache
runsok,optibench,sample_446,all_pinned,4,0,1,cache
runsok,optibench,sample_464,all_pinned,4,0,1,cache
runsok,optibench,sample_465,all_pinned,4,0,1,cache
runsok,optibench,sample_467,all_pinned,6,0,1,cache
runsok,optibench,sample_460,all_pinned,5,0,0,cache
runsok,optibench,sample_469,all_pinned,5,0,1,cache
runsok,optibench,sample_475,all_pinned,4,0,0,cache
runsok,optibench,sample_462,all_pinned,10,0,0,cache
runsok,optibench,sample_466,all_pinned,4,0,1,cache
runsok,optibench,sample_471,all_pinned,5,0,1,cache
runsok,optibench,sample_457,all_pinned,6,0,1,cache
runsok,optibench,sample_474,all_pinned,5,0,1,cache
runsok,optibench,sample_476,all_pinned,4,0,1,cache
runsok,optibench,sample_473,all_pinned,10,0,1,cache
runsok,optibench,sample_472,all_pinned,5,0,1,cache
runsok,optibench,sample_481,all_pinned,4,0,0,cache
runsok,optibench,sample_456,all_pinned,13,0,0,cache
runsok,optibench,sample_483,all_pinned,7,0,0,cache
runsok,optibench,sample_479,all_pinned,5,0,1,cache
runsok,optibench,sample_478,all_pinned,4,0,1,cache
runsok,optibench,sample_488,all_pinned,4,0,1,cache
runsok,optibench,sample_491,all_pinned,3,0,0,cache
runsok,optibench,sample_489,all_pinned,4,0,1,cache
runsok,optibench,sample_468,all_pinned,6,0,1,cache
runsok,optibench,sample_480,all_pinned,13,0,0,cache
runsok,optibench,sample_482,all_pinned,3,0,1,cache
runsok,optibench,sample_486,all_pinned,9,0,1,cache
runsok,optibench,sample_470,all_pinned,13,0,0,cache
runsok,optibench,sample_493,all_pinned,5,0,1,cache
runsok,optibench,sample_477,all_pinned,9,0,0,cache
runsok,optibench,sample_494,all_pinned,4,0,0,cache
runsok,optibench,sample_485,all_pinned,8,0,1,cache
runsok,optibench,sample_484,all_pinned,12,0,1,cache
runsok,optibench,sample_498,all_pinned,3,0,1,cache
runsok,optibench,sample_499,all_pinned,5,0,1,cache
runsok,optibench,sample_501,all_pinned,4,0,1,cache
runsok,optibench,sample_505,all_pinned,4,0,1,cache
runsok,optibench,sample_502,all_pinned,4,0,1,cache
runsok,optibench,sample_490,all_pinned,11,0,1,cache
runsok,optibench,sample_503,all_pinned,6,0,1,cache
runsok,optibench,sample_496,all_pinned,8,0,1,cache
runsok,optibench,sample_510,all_pinned,4,0,1,cache
runsok,optibench,sample_506,all_pinned,4,0,0,cache
runsok,optibench,sample_492,all_pinned,13,0,1,cache
runsok,optibench,sample_508,all_pinned,4,0,1,cache
runsok,optibench,sample_487,all_pinned,13,0,0,cache
runsok,optibench,sample_512,all_pinned,4,0,1,cache
runsok,optibench,sample_511,all_pinned,6,0,1,cache
runsok,optibench,sample_517,all_pinned,4,0,1,cache
runsok,optibench,sample_509,all_pinned,4,0,1,cache
runsok,optibench,sample_500,all_pinned,7,0,1,cache
runsok,optibench,sample_507,all_pinned,6,0,1,cache
runsok,optibench,sample_519,all_pinned,4,0,1,cache
runsok,optibench,sample_504,all_pinned,10,0,1,cache
runsok,optibench,sample_520,unattributed,0,1,0,none
runsok,optibench,sample_518,all_pinned,4,0,1,cache
runsok,optibench,sample_497,all_pinned,5,0,1,cache
runsok,optibench,sample_513,all_pinned,5,0,1,cache
runsok,optibench,sample_527,all_pinned,4,0,1,cache
runsok,optibench,sample_515,all_pinned,4,0,1,cache
runsok,optibench,sample_528,all_pinned,5,0,1,cache
runsok,optibench,sample_522,all_pinned,4,0,1,cache
runsok,optibench,sample_495,all_pinned,13,0,0,cache
runsok,optibench,sample_531,all_pinned,4,0,1,cache
runsok,optibench,sample_523,all_pinned,6,0,1,cache
runsok,optibench,sample_526,all_pinned,3,0,1,cache
runsok,optibench,sample_516,all_pinned,11,0,0,cache
runsok,optibench,sample_529,all_pinned,8,0,1,cache
runsok,optibench,sample_524,all_pinned,5,0,0,cache
runsok,optibench,sample_530,all_pinned,4,0,1,cache
runsok,optibench,sample_537,all_pinned,3,0,1,cache
runsok,optibench,sample_533,all_pinned,7,0,1,cache
runsok,optibench,sample_536,all_pinned,3,0,1,cache
runsok,optibench,sample_521,all_pinned,13,0,0,cache
runsok,optibench,sample_535,all_pinned,4,0,0,cache
runsok,optibench,sample_534,all_pinned,6,0,1,cache
runsok,optibench,sample_540,all_pinned,4,0,1,cache
runsok,optibench,sample_539,all_pinned,4,0,0,cache
runsok,optibench,sample_532,all_pinned,10,0,1,cache
runsok,optibench,sample_541,all_pinned,7,0,0,cache
runsok,optibench,sample_544,all_pinned,11,0,1,cache
runsok,optibench,sample_538,all_pinned,13,0,0,cache
runsok,optibench,sample_545,all_pinned,4,0,1,cache
runsok,optibench,sample_549,all_pinned,5,0,1,cache
runsok,optibench,sample_550,all_pinned,4,0,1,cache
runsok,optibench,sample_514,all_pinned,13,0,1,cache
runsok,optibench,sample_548,all_pinned,5,0,1,cache
runsok,optibench,sample_543,all_pinned,13,0,0,cache
runsok,optibench,sample_554,all_pinned,4,0,0,cache
runsok,optibench,sample_525,all_pinned,13,0,0,cache
runsok,optibench,sample_556,all_pinned,4,0,1,cache
runsok,optibench,sample_557,all_pinned,4,0,0,cache
runsok,optibench,sample_552,all_pinned,6,0,1,cache
runsok,optibench,sample_553,all_pinned,4,0,1,cache
runsok,optibench,sample_561,all_pinned,3,0,1,cache
runsok,optibench,sample_551,all_pinned,8,0,1,cache
runsok,optibench,sample_560,all_pinned,5,0,1,cache
runsok,optibench,sample_563,all_pinned,4,0,1,cache
runsok,optibench,sample_558,all_pinned,7,0,1,cache
runsok,optibench,sample_568,all_pinned,3,0,1,cache
runsok,optibench,sample_562,all_pinned,5,0,1,cache
runsok,optibench,sample_559,all_pinned,5,0,0,cache
runsok,optibench,sample_555,all_pinned,9,0,1,cache
runsok,optibench,sample_547,all_pinned,11,0,0,cache
runsok,optibench,sample_565,all_pinned,4,0,1,cache
runsok,optibench,sample_569,all_pinned,5,0,1,cache
runsok,optibench,sample_571,all_pinned,4,0,1,cache
runsok,optibench,sample_570,all_pinned,4,0,1,cache
runsok,optibench,sample_567,all_pinned,6,0,1,cache
runsok,optibench,sample_546,all_pinned,13,0,0,cache
runsok,optibench,sample_566,all_pinned,7,0,1,cache
runsok,optibench,sample_542,all_pinned,13,0,0,cache
runsok,optibench,sample_575,all_pinned,4,0,1,cache
runsok,optibench,sample_576,all_pinned,5,0,1,cache
runsok,optibench,sample_574,all_pinned,5,0,1,cache
runsok,optibench,sample_579,all_pinned,4,0,1,cache
runsok,optibench,sample_572,all_pinned,9,0,1,cache
runsok,optibench,sample_580,all_pinned,6,0,0,cache
runsok,optibench,sample_573,all_pinned,5,0,0,cache
runsok,optibench,sample_578,all_pinned,6,0,1,cache
runsok,optibench,sample_583,all_pinned,8,0,1,cache
runsok,optibench,sample_586,all_pinned,4,0,1,cache
runsok,optibench,sample_577,all_pinned,13,0,1,cache
runsok,optibench,sample_582,any_variant,13,0,1,cache
runsok,optibench,sample_592,all_pinned,5,0,1,cache
runsok,optibench,sample_590,all_pinned,4,0,1,cache
runsok,optibench,sample_581,all_pinned,13,0,1,cache
runsok,optibench,sample_593,all_pinned,3,0,1,cache
runsok,optibench,sample_585,all_pinned,9,0,1,cache
runsok,optibench,sample_588,all_pinned,5,0,0,cache
runsok,optibench,sample_594,all_pinned,4,0,1,cache
runsok,optibench,sample_597,all_pinned,4,0,1,cache
runsok,optibench,sample_584,all_pinned,9,0,0,cache
runsok,optibench,sample_596,all_pinned,6,0,1,cache
runsok,optibench,sample_599,all_pinned,7,0,1,cache
runsok,optibench,sample_598,all_pinned,6,0,1,cache
runsok,optibench,sample_587,all_pinned,10,0,1,cache
runsok,optibench,sample_603,all_pinned,4,0,1,cache
runsok,optibench,sample_589,all_pinned,13,0,0,cache
runsok,optibench,sample_601,all_pinned,4,0,1,cache
runsok,optibench,sample_595,all_pinned,8,0,1,cache
runsok,optibench,sample_602,all_pinned,6,0,0,cache
runsok,optibench,sample_591,all_pinned,13,0,1,cache
runsok,optibench,sample_600,all_pinned,8,0,1,cache
runsok,optibench,sample_604,all_pinned,10,0,0,cache
runsok,optibench,sample_564,all_pinned,13,0,1,cache
runsok,optibench,sample_605,all_pinned,13,0,0,cache
runsok,optibench,sample_432,all_pinned,7,0,1,cache
runsok,mamo_c,sample_2,all_pinned,4,0,1,cache
runsok,mamo_c,sample_10,all_pinned,4,0,0,cache
runsok,mamo_c,sample_14,unattributed,0,1,0,none
runsok,mamo_c,sample_4,all_pinned,5,0,0,cache
runsok,mamo_c,sample_5,all_pinned,5,0,0,cache
runsok,mamo_c,sample_8,all_pinned,7,0,1,cache
runsok,mamo_c,sample_9,all_pinned,7,0,0,cache
runsok,mamo_c,sample_12,all_pinned,7,0,0,cache
runsok,mamo_c,sample_13,all_pinned,4,0,1,cache
runsok,mamo_c,sample_15,all_pinned,4,0,1,cache
runsok,mamo_c,sample_6,all_pinned,5,0,1,cache
runsok,mamo_c,sample_7,all_pinned,8,0,0,cache
runsok,mamo_c,sample_16,all_pinned,4,0,1,cache
runsok,mamo_c,sample_20,all_pinned,4,0,0,cache
runsok,mamo_c,sample_19,all_pinned,4,0,1,cache
runsok,mamo_c,sample_24,all_pinned,3,0,0,cache
runsok,mamo_c,sample_18,all_pinned,3,0,1,cache
runsok,mamo_c,sample_22,all_pinned,5,0,0,cache
runsok,mamo_c,sample_1,all_pinned,12,0,0,cache
runsok,mamo_c,sample_23,all_pinned,6,0,1,cache
runsok,mamo_c,sample_11,all_pinned,13,0,0,cache
runsok,mamo_c,sample_28,all_pinned,4,0,1,cache
runsok,mamo_c,sample_25,all_pinned,5,0,1,cache
runsok,mamo_c,sample_29,all_pinned,4,0,1,cache
runsok,mamo_c,sample_31,all_pinned,4,0,0,cache
runsok,mamo_c,sample_33,all_pinned,4,0,1,cache
runsok,mamo_c,sample_38,unattributed,0,1,0,none
runsok,mamo_c,sample_27,all_pinned,10,0,0,cache
runsok,mamo_c,sample_30,all_pinned,7,0,1,cache
runsok,mamo_c,sample_3,all_pinned,13,0,0,cache
runsok,mamo_c,sample_35,all_pinned,6,0,1,cache
runsok,mamo_c,sample_34,all_pinned,9,0,0,cache
runsok,mamo_c,sample_32,all_pinned,8,0,1,cache
runsok,mamo_c,sample_41,all_pinned,4,0,1,cache
runsok,mamo_c,sample_21,all_pinned,8,0,0,cache
runsok,mamo_c,sample_42,all_pinned,5,0,1,cache
runsok,mamo_c,sample_36,all_pinned,9,0,0,cache
runsok,mamo_c,sample_40,all_pinned,6,0,1,cache
runsok,mamo_c,sample_39,all_pinned,6,0,1,cache
runsok,mamo_c,sample_44,all_pinned,4,0,1,cache
runsok,mamo_c,sample_43,all_pinned,5,0,1,cache
runsok,mamo_c,sample_47,all_pinned,5,0,0,cache
runsok,mamo_c,sample_26,all_pinned,13,0,1,cache
runsok,mamo_c,sample_52,all_pinned,4,0,1,cache
runsok,mamo_c,sample_50,all_pinned,5,0,1,cache
runsok,mamo_c,sample_48,all_pinned,7,0,1,cache
runsok,mamo_c,sample_57,all_pinned,3,0,0,cache
runsok,mamo_c,sample_17,all_pinned,13,0,1,cache
runsok,mamo_c,sample_55,all_pinned,5,0,1,cache
runsok,mamo_c,sample_51,all_pinned,6,0,1,cache
runsok,mamo_c,sample_46,all_pinned,7,0,1,cache
runsok,mamo_c,sample_58,all_pinned,5,0,0,cache
runsok,mamo_c,sample_64,all_pinned,4,0,0,cache
runsok,mamo_c,sample_61,all_pinned,6,0,0,cache
runsok,mamo_c,sample_37,all_pinned,13,0,1,cache
runsok,mamo_c,sample_53,all_pinned,12,0,0,cache
runsok,mamo_c,sample_62,all_pinned,4,0,1,cache
runsok,mamo_c,sample_54,all_pinned,12,0,1,cache
runsok,mamo_c,sample_66,all_pinned,3,0,0,cache
runsok,mamo_c,sample_65,all_pinned,4,0,1,cache
runsok,mamo_c,sample_56,all_pinned,13,0,0,cache
runsok,mamo_c,sample_67,all_pinned,4,0,1,cache
runsok,mamo_c,sample_71,all_pinned,4,0,0,cache
runsok,mamo_c,sample_49,all_pinned,13,0,1,cache
runsok,mamo_c,sample_45,all_pinned,13,0,0,cache
runsok,mamo_c,sample_72,all_pinned,4,0,1,cache
runsok,mamo_c,sample_70,all_pinned,6,0,1,cache
runsok,mamo_c,sample_78,all_pinned,3,0,0,cache
runsok,mamo_c,sample_75,all_pinned,4,0,1,cache
runsok,mamo_c,sample_74,all_pinned,5,0,0,cache
runsok,mamo_c,sample_76,all_pinned,4,0,0,cache
runsok,mamo_c,sample_77,all_pinned,5,0,1,cache
runsok,mamo_c,sample_68,all_pinned,12,0,1,cache
runsok,mamo_c,sample_79,all_pinned,4,0,1,cache
runsok,mamo_c,sample_81,all_pinned,4,0,1,cache
runsok,mamo_c,sample_59,all_pinned,13,0,1,cache
runsok,mamo_c,sample_84,all_pinned,3,0,0,cache
runsok,mamo_c,sample_89,unattributed,0,1,0,none
runsok,mamo_c,sample_60,all_pinned,13,0,0,cache
runsok,mamo_c,sample_86,all_pinned,4,0,1,cache
runsok,mamo_c,sample_87,all_pinned,4,0,0,cache
runsok,mamo_c,sample_63,all_pinned,13,0,0,cache
runsok,mamo_c,sample_83,all_pinned,6,0,1,cache
runsok,mamo_c,sample_69,all_pinned,12,0,0,cache
runsok,mamo_c,sample_91,all_pinned,7,0,0,cache
runsok,mamo_c,sample_90,all_pinned,5,0,1,cache
runsok,mamo_c,sample_85,all_pinned,9,0,0,cache
runsok,mamo_c,sample_92,all_pinned,7,0,0,cache
runsok,mamo_c,sample_94,all_pinned,5,0,1,cache
runsok,mamo_c,sample_96,all_pinned,6,0,0,cache
runsok,mamo_c,sample_82,all_pinned,13,0,0,cache
runsok,mamo_c,sample_98,all_pinned,4,0,1,cache
runsok,mamo_c,sample_88,all_pinned,11,0,0,cache
runsok,mamo_c,sample_100,all_pinned,5,0,0,cache
runsok,mamo_c,sample_104,all_pinned,6,0,0,cache
runsok,mamo_c,sample_97,all_pinned,7,0,0,cache
runsok,mamo_c,sample_80,all_pinned,13,0,0,cache
runsok,mamo_c,sample_99,all_pinned,8,0,1,cache
runsok,mamo_c,sample_73,all_pinned,13,0,0,cache
runsok,mamo_c,sample_105,all_pinned,6,0,0,cache
runsok,mamo_c,sample_106,all_pinned,5,0,1,cache
runsok,mamo_c,sample_95,all_pinned,5,0,1,cache
runsok,mamo_c,sample_102,all_pinned,7,0,1,cache
runsok,mamo_c,sample_101,all_pinned,8,0,0,cache
runsok,mamo_c,sample_108,all_pinned,6,0,0,cache
runsok,mamo_c,sample_103,all_pinned,4,0,1,cache
runsok,mamo_c,sample_107,all_pinned,6,0,0,cache
runsok,mamo_c,sample_110,all_pinned,6,0,1,cache
runsok,mamo_c,sample_93,all_pinned,13,0,0,cache
runsok,mamo_c,sample_117,all_pinned,6,0,0,cache
runsok,mamo_c,sample_113,all_pinned,7,0,0,cache
runsok,mamo_c,sample_111,all_pinned,12,0,1,cache
runsok,mamo_c,sample_116,all_pinned,7,0,0,cache
runsok,mamo_c,sample_123,all_pinned,5,0,1,cache
runsok,mamo_c,sample_114,all_pinned,8,0,1,cache
runsok,mamo_c,sample_115,all_pinned,8,0,0,cache
runsok,mamo_c,sample_109,all_pinned,12,0,0,cache
runsok,mamo_c,sample_127,all_pinned,4,0,1,cache
runsok,mamo_c,sample_125,all_pinned,4,0,0,cache
runsok,mamo_c,sample_120,all_pinned,10,0,0,cache
runsok,mamo_c,sample_118,all_pinned,6,0,1,cache
runsok,mamo_c,sample_126,all_pinned,6,0,0,cache
runsok,mamo_c,sample_131,all_pinned,7,0,1,cache
runsok,mamo_c,sample_130,all_pinned,5,0,1,cache
runsok,mamo_c,sample_134,all_pinned,3,0,0,cache
runsok,mamo_c,sample_112,all_pinned,13,0,1,cache
runsok,mamo_c,sample_124,all_pinned,10,0,1,cache
runsok,mamo_c,sample_121,all_pinned,10,0,0,cache
runsok,mamo_c,sample_136,all_pinned,3,0,1,cache
runsok,mamo_c,sample_135,all_pinned,4,0,0,cache
runsok,mamo_c,sample_139,all_pinned,4,0,0,cache
runsok,mamo_c,sample_119,all_pinned,11,0,1,cache
runsok,mamo_c,sample_133,all_pinned,6,0,1,cache
runsok,mamo_c,sample_137,all_pinned,3,0,0,cache
runsok,mamo_c,sample_141,all_pinned,4,0,0,cache
runsok,mamo_c,sample_145,all_pinned,4,0,0,cache
runsok,mamo_c,sample_129,all_pinned,10,0,1,cache
runsok,mamo_c,sample_132,all_pinned,7,0,1,cache
runsok,mamo_c,sample_144,all_pinned,4,0,0,cache
runsok,mamo_c,sample_128,all_pinned,13,0,1,cache
runsok,mamo_c,sample_122,all_pinned,12,0,1,cache
runsok,mamo_c,sample_149,all_pinned,4,0,0,cache
runsok,mamo_c,sample_147,all_pinned,4,0,0,cache
runsok,mamo_c,sample_151,all_pinned,4,0,0,cache
runsok,mamo_c,sample_146,all_pinned,4,0,0,cache
runsok,mamo_c,sample_142,all_pinned,10,0,0,cache
runsok,mamo_c,sample_152,all_pinned,6,0,0,cache
runsok,mamo_c,sample_150,all_pinned,6,0,0,cache
runsok,mamo_c,sample_148,all_pinned,4,0,0,cache
runsok,mamo_c,sample_143,all_pinned,4,0,0,cache
runsok,mamo_c,sample_154,all_pinned,4,0,0,cache
runsok,mamo_c,sample_153,all_pinned,6,0,0,cache
runsok,mamo_c,sample_138,all_pinned,13,0,1,cache
runsok,mamo_c,sample_140,all_pinned,13,0,0,cache
runsok,mamo_c,sample_159,all_pinned,5,0,1,cache
runsok,mamo_c,sample_158,all_pinned,4,0,1,cache
runsok,mamo_c,sample_163,all_pinned,4,0,1,cache
runsok,mamo_c,sample_168,all_pinned,4,0,1,cache
runsok,mamo_c,sample_169,all_pinned,5,0,0,cache
runsok,mamo_c,sample_162,all_pinned,7,0,1,cache
runsok,mamo_c,sample_165,all_pinned,13,0,1,cache
runsok,mamo_c,sample_167,all_pinned,5,0,1,cache
runsok,mamo_c,sample_157,all_pinned,11,0,1,cache
runsok,mamo_c,sample_155,all_pinned,11,0,1,cache
runsok,mamo_c,sample_161,all_pinned,8,0,0,cache
runsok,mamo_c,sample_156,all_pinned,13,0,1,cache
runsok,mamo_c,sample_164,all_pinned,11,0,0,cache
runsok,mamo_c,sample_176,all_pinned,4,0,0,cache
runsok,mamo_c,sample_166,all_pinned,10,0,1,cache
runsok,mamo_c,sample_173,all_pinned,6,0,1,cache
runsok,mamo_c,sample_177,all_pinned,5,0,1,cache
runsok,mamo_c,sample_179,all_pinned,4,0,1,cache
runsok,mamo_c,sample_170,all_pinned,12,0,1,cache
runsok,mamo_c,sample_174,all_pinned,8,0,1,cache
runsok,mamo_c,sample_172,all_pinned,7,0,1,cache
runsok,mamo_c,sample_171,all_pinned,13,0,1,cache
runsok,mamo_c,sample_160,all_pinned,13,0,0,cache
runsok,mamo_c,sample_181,all_pinned,5,0,1,cache
runsok,mamo_c,sample_184,all_pinned,4,0,0,cache
runsok,mamo_c,sample_180,all_pinned,5,0,1,cache
runsok,mamo_c,sample_175,all_pinned,7,0,0,cache
runsok,mamo_c,sample_185,all_pinned,6,0,1,cache
runsok,mamo_c,sample_187,all_pinned,6,0,0,cache
runsok,mamo_c,sample_191,all_pinned,4,0,1,cache
runsok,mamo_c,sample_196,unattributed,0,1,0,none
runsok,mamo_c,sample_178,all_pinned,13,0,0,cache
runsok,mamo_c,sample_193,all_pinned,4,0,1,cache
runsok,mamo_c,sample_189,all_pinned,6,0,1,cache
runsok,mamo_c,sample_195,all_pinned,5,0,1,cache
runsok,mamo_c,sample_182,all_pinned,9,0,0,cache
runsok,mamo_c,sample_199,all_pinned,6,0,1,cache
runsok,mamo_c,sample_192,all_pinned,10,0,1,cache
runsok,mamo_c,sample_197,all_pinned,5,0,1,cache
runsok,mamo_c,sample_188,all_pinned,6,0,0,cache
runsok,mamo_c,sample_201,all_pinned,3,0,1,cache
runsok,mamo_c,sample_200,all_pinned,6,0,1,cache
runsok,mamo_c,sample_203,all_pinned,4,0,1,cache
runsok,mamo_c,sample_194,all_pinned,9,0,0,cache
runsok,mamo_c,sample_186,all_pinned,12,0,1,cache
runsok,mamo_c,sample_202,all_pinned,7,0,1,cache
runsok,mamo_c,sample_209,all_pinned,6,0,1,cache
runsok,mamo_c,sample_208,all_pinned,5,0,1,cache
runsok,mamo_c,sample_205,all_pinned,7,0,0,cache
runsok,mamo_c,sample_183,all_pinned,13,0,0,cache
runsok,mamo_c,sample_190,all_pinned,13,0,0,cache
runsok,mamo_c,sample_206,all_pinned,11,0,1,cache
runsok,mamo_c,sample_198,all_pinned,12,0,0,cache
runsok,mamo_c,sample_210,all_pinned,5,0,1,cache
runsok,mamo_c,sample_204,all_pinned,13,0,1,cache
runsok,mamo_c,sample_211,all_pinned,12,0,1,cache
runsok,mamo_c,sample_207,all_pinned,13,0,1,cache
runsok,complexor,sample_6,all_pinned,4,0,1,cache
runsok,complexor,sample_2,all_pinned,3,0,1,cache
runsok,complexor,sample_4,all_pinned,3,0,0,cache
runsok,complexor,sample_12,all_pinned,4,0,1,cache
runsok,complexor,sample_1,all_pinned,5,0,0,cache
runsok,complexor,sample_5,all_pinned,5,0,1,cache
runsok,complexor,sample_8,all_pinned,5,0,1,cache
runsok,complexor,sample_10,all_pinned,5,0,0,cache
runsok,complexor,sample_9,all_pinned,5,0,1,cache
runsok,complexor,sample_11,all_pinned,5,0,1,cache
runsok,complexor,sample_17,all_pinned,3,0,0,cache
runsok,complexor,sample_16,all_pinned,5,0,1,cache
runsok,complexor,sample_15,all_pinned,4,0,1,cache
runsok,complexor,sample_3,all_pinned,8,0,1,cache
runsok,complexor,sample_14,all_pinned,7,0,0,cache
runsok,complexor,sample_13,all_pinned,8,0,1,cache
runsok,complexor,sample_7,all_pinned,13,0,0,cache
runsok,complexor,sample_18,all_pinned,10,0,1,cache
runsok,industryor,sample_7,all_pinned,4,0,1,cache
runsok,industryor,sample_2,all_pinned,4,0,1,cache
runsok,industryor,sample_4,all_pinned,4,0,1,cache
runsok,industryor,sample_11,all_pinned,5,0,1,cache
runsok,industryor,sample_6,all_pinned,4,0,1,cache
runsok,industryor,sample_10,all_pinned,4,0,1,cache
runsok,industryor,sample_9,all_pinned,5,0,1,cache
runsok,industryor,sample_3,all_pinned,6,0,1,cache
runsok,industryor,sample_1,all_pinned,6,0,1,cache
runsok,industryor,sample_17,all_pinned,5,0,1,cache
runsok,industryor,sample_5,all_pinned,6,0,1,cache
runsok,industryor,sample_18,all_pinned,5,0,1,cache
runsok,industryor,sample_19,all_pinned,4,0,0,cache
runsok,industryor,sample_20,all_pinned,5,0,1,cache
runsok,industryor,sample_22,all_pinned,5,0,1,cache
runsok,industryor,sample_23,all_pinned,4,0,1,cache
runsok,industryor,sample_8,all_pinned,13,0,0,cache
runsok,industryor,sample_13,all_pinned,9,0,1,cache
runsok,industryor,sample_12,all_pinned,8,0,0,cache
runsok,industryor,sample_25,all_pinned,7,0,1,cache
runsok,industryor,sample_21,all_pinned,6,0,0,cache
runsok,industryor,sample_26,all_pinned,5,0,1,cache
runsok,industryor,sample_29,all_pinned,4,0,0,cache
runsok,industryor,sample_35,all_pinned,4,0,1,cache
runsok,industryor,sample_34,all_pinned,4,0,0,cache
runsok,industryor,sample_30,all_pinned,5,0,0,cache
runsok,industryor,sample_38,unattributed,0,1,0,none
runsok,industryor,sample_39,all_pinned,3,0,0,cache
runsok,industryor,sample_24,all_pinned,4,0,1,cache
runsok,industryor,sample_15,all_pinned,4,0,0,cache
runsok,industryor,sample_37,all_pinned,7,0,0,cache
runsok,industryor,sample_40,all_pinned,7,0,0,cache
runsok,industryor,sample_28,all_pinned,13,0,0,cache
runsok,industryor,sample_44,all_pinned,5,0,1,cache
runsok,industryor,sample_31,all_pinned,13,0,1,cache
runsok,industryor,sample_16,all_pinned,10,0,0,cache
runsok,industryor,sample_32,all_pinned,13,0,0,cache
runsok,industryor,sample_42,all_pinned,13,0,1,cache
runsok,industryor,sample_27,all_pinned,13,0,0,cache
runsok,industryor,sample_41,all_pinned,13,0,0,cache
runsok,industryor,sample_36,all_pinned,13,0,0,cache
runsok,industryor,sample_33,all_pinned,13,0,0,cache
runsok,industryor,sample_14,all_pinned,13,0,0,cache
runsok,industryor,sample_46,all_pinned,12,0,0,cache
runsok,industryor,sample_45,all_pinned,13,0,0,cache
runsok,industryor,sample_43,all_pinned,13,0,0,cache
runsok,industryor,sample_56,all_pinned,4,0,0,cache
runsok,industryor,sample_57,all_pinned,7,0,0,cache
runsok,industryor,sample_49,all_pinned,9,0,0,cache
runsok,industryor,sample_58,all_pinned,7,0,0,cache
runsok,industryor,sample_47,all_pinned,13,0,0,cache
runsok,industryor,sample_61,all_pinned,4,0,1,cache
runsok,industryor,sample_55,all_pinned,8,0,0,cache
runsok,industryor,sample_51,all_pinned,13,0,0,cache
runsok,industryor,sample_50,all_pinned,13,0,0,cache
runsok,industryor,sample_59,all_pinned,7,0,0,cache
runsok,industryor,sample_66,all_pinned,7,0,0,cache
runsok,industryor,sample_53,all_pinned,13,0,0,cache
runsok,industryor,sample_54,all_pinned,13,0,0,cache
runsok,industryor,sample_48,all_pinned,13,0,0,cache
runsok,industryor,sample_60,all_pinned,8,0,1,cache
runsok,industryor,sample_67,all_pinned,6,0,0,cache
runsok,industryor,sample_62,all_pinned,13,0,0,cache
runsok,industryor,sample_52,all_pinned,13,0,0,cache
runsok,industryor,sample_65,all_pinned,10,0,0,cache
runsok,industryor,sample_74,all_pinned,4,0,0,cache
runsok,industryor,sample_63,all_pinned,13,0,0,cache
runsok,industryor,sample_64,all_pinned,13,0,0,cache
runsok,industryor,sample_73,all_pinned,13,0,1,cache
runsok,industryor,sample_78,all_pinned,4,0,0,cache
runsok,industryor,sample_69,all_pinned,13,0,0,cache
runsok,industryor,sample_68,all_pinned,9,0,0,cache
runsok,industryor,sample_80,all_pinned,5,0,0,cache
runsok,industryor,sample_72,all_pinned,8,0,1,cache
runsok,industryor,sample_71,all_pinned,13,0,1,cache
runsok,industryor,sample_77,all_pinned,4,0,1,cache
runsok,industryor,sample_86,all_pinned,5,0,1,cache
runsok,industryor,sample_82,all_pinned,5,0,0,cache
runsok,industryor,sample_76,all_pinned,12,0,1,cache
runsok,industryor,sample_88,all_pinned,6,0,1,cache
runsok,industryor,sample_83,all_pinned,4,0,0,cache
runsok,industryor,sample_91,all_pinned,6,0,1,cache
runsok,industryor,sample_75,all_pinned,13,0,0,cache
runsok,industryor,sample_85,all_pinned,12,0,0,cache
runsok,industryor,sample_81,all_pinned,11,0,0,cache
runsok,industryor,sample_90,all_pinned,13,0,0,cache
runsok,industryor,sample_94,all_pinned,4,0,0,cache
runsok,industryor,sample_95,all_pinned,5,0,1,cache
runsok,industryor,sample_93,all_pinned,5,0,0,cache
runsok,industryor,sample_84,all_pinned,10,0,0,cache
runsok,industryor,sample_79,all_pinned,13,0,0,cache
runsok,industryor,sample_89,all_pinned,13,0,0,cache
runsok,industryor,sample_87,all_pinned,13,0,0,cache
runsok,industryor,sample_92,all_pinned,8,0,1,cache
runsok,industryor,sample_99,all_pinned,7,0,0,cache
runsok,industryor,sample_96,all_pinned,11,0,0,cache
runsok,industryor,sample_98,all_pinned,11,0,0,cache
runsok,industryor,sample_70,all_pinned,13,0,0,cache
runsok,industryor,sample_97,all_pinned,13,0,0,cache
runsok,industryor,sample_100,all_pinned,13,0,0,cache
runsok,optmath,sample_6,unattributed,0,1,0,none
runsok,optmath,sample_7,unattributed,0,1,0,none
runsok,optmath,sample_9,all_pinned,4,0,1,cache
runsok,optmath,sample_5,all_pinned,4,0,0,cache
runsok,optmath,sample_3,all_pinned,5,0,1,cache
runsok,optmath,sample_14,all_pinned,4,0,1,cache
runsok,optmath,sample_4,all_pinned,6,0,1,cache
runsok,optmath,sample_8,all_pinned,5,0,1,cache
runsok,optmath,sample_18,all_pinned,4,0,1,cache
runsok,optmath,sample_2,all_pinned,6,0,0,cache
runsok,optmath,sample_11,all_pinned,7,0,0,cache
runsok,optmath,sample_13,all_pinned,10,0,0,cache
runsok,optmath,sample_17,all_pinned,10,0,1,cache
runsok,optmath,sample_20,all_pinned,8,0,0,cache
runsok,optmath,sample_23,all_pinned,8,0,1,cache
runsok,optmath,sample_19,all_pinned,13,0,0,cache
runsok,optmath,sample_12,all_pinned,13,0,1,cache
runsok,optmath,sample_16,all_pinned,13,0,0,cache
runsok,optmath,sample_22,all_pinned,12,0,0,cache
runsok,optmath,sample_1,all_pinned,12,0,1,cache
runsok,optmath,sample_15,all_pinned,13,0,0,cache
runsok,optmath,sample_30,all_pinned,4,0,1,cache
runsok,optmath,sample_27,all_pinned,4,0,1,cache
runsok,optmath,sample_29,all_pinned,4,0,0,cache
runsok,optmath,sample_36,all_pinned,4,0,0,cache
runsok,optmath,sample_26,all_pinned,8,0,1,cache
runsok,optmath,sample_10,all_pinned,13,0,0,cache
runsok,optmath,sample_31,all_pinned,6,0,0,cache
runsok,optmath,sample_21,all_pinned,13,0,0,cache
runsok,optmath,sample_24,all_pinned,13,0,0,cache
runsok,optmath,sample_25,all_pinned,13,0,0,cache
runsok,optmath,sample_37,all_pinned,5,0,1,cache
runsok,optmath,sample_34,all_pinned,11,0,1,cache
runsok,optmath,sample_41,all_pinned,5,0,1,cache
runsok,optmath,sample_35,all_pinned,8,0,1,cache
runsok,optmath,sample_42,all_pinned,5,0,1,cache
runsok,optmath,sample_46,all_pinned,4,0,1,cache
runsok,optmath,sample_44,all_pinned,4,0,0,cache
runsok,optmath,sample_43,all_pinned,6,0,1,cache
runsok,optmath,sample_45,all_pinned,3,0,0,cache
runsok,optmath,sample_38,all_pinned,5,0,1,cache
runsok,optmath,sample_28,all_pinned,13,0,1,cache
runsok,optmath,sample_32,all_pinned,12,0,0,cache
runsok,optmath,sample_53,all_pinned,5,0,1,cache
runsok,optmath,sample_48,all_pinned,7,0,0,cache
runsok,optmath,sample_39,all_pinned,13,0,0,cache
runsok,optmath,sample_49,all_pinned,6,0,0,cache
runsok,optmath,sample_57,all_pinned,5,0,0,cache
runsok,optmath,sample_40,all_pinned,12,0,1,cache
runsok,optmath,sample_58,all_pinned,5,0,0,cache
runsok,optmath,sample_51,all_pinned,11,0,0,cache
runsok,optmath,sample_56,all_pinned,4,0,1,cache
runsok,optmath,sample_33,all_pinned,13,0,0,cache
runsok,optmath,sample_50,all_pinned,13,0,0,cache
runsok,optmath,sample_47,all_pinned,13,0,1,cache
runsok,optmath,sample_64,all_pinned,5,0,1,cache
runsok,optmath,sample_61,all_pinned,6,0,0,cache
runsok,optmath,sample_54,all_pinned,13,0,0,cache
runsok,optmath,sample_66,all_pinned,4,0,1,cache
runsok,optmath,sample_70,all_pinned,4,0,1,cache
runsok,optmath,sample_55,all_pinned,13,0,0,cache
runsok,optmath,sample_52,all_pinned,13,0,0,cache
runsok,optmath,sample_74,all_pinned,4,0,1,cache
runsok,optmath,sample_63,all_pinned,10,0,0,cache
runsok,optmath,sample_65,all_pinned,7,0,1,cache
runsok,optmath,sample_59,all_pinned,13,0,0,cache
runsok,optmath,sample_60,all_pinned,11,0,0,cache
runsok,optmath,sample_68,all_pinned,6,0,1,cache
runsok,optmath,sample_75,all_pinned,4,0,0,cache
runsok,optmath,sample_72,all_pinned,9,0,0,cache
runsok,optmath,sample_62,all_pinned,13,0,0,cache
runsok,optmath,sample_67,all_pinned,13,0,1,cache
runsok,optmath,sample_77,all_pinned,5,0,0,cache
runsok,optmath,sample_73,all_pinned,8,0,0,cache
runsok,optmath,sample_80,all_pinned,4,0,0,cache
runsok,optmath,sample_83,all_pinned,4,0,1,cache
runsok,optmath,sample_79,all_pinned,8,0,0,cache
runsok,optmath,sample_71,all_pinned,13,0,1,cache
runsok,optmath,sample_85,all_pinned,8,0,1,cache
runsok,optmath,sample_90,all_pinned,4,0,1,cache
runsok,optmath,sample_82,all_pinned,6,0,0,cache
runsok,optmath,sample_86,all_pinned,9,0,1,cache
runsok,optmath,sample_91,all_pinned,4,0,1,cache
runsok,optmath,sample_76,all_pinned,9,0,1,cache
runsok,optmath,sample_89,all_pinned,6,0,0,cache
runsok,optmath,sample_81,all_pinned,13,0,0,cache
runsok,optmath,sample_87,all_pinned,13,0,0,cache
runsok,optmath,sample_84,all_pinned,13,0,1,cache
runsok,optmath,sample_99,all_pinned,4,0,1,cache
runsok,optmath,sample_88,all_pinned,13,0,1,cache
runsok,optmath,sample_69,all_pinned,13,0,0,cache
runsok,optmath,sample_94,all_pinned,6,0,1,cache
runsok,optmath,sample_101,all_pinned,4,0,1,cache
runsok,optmath,sample_97,all_pinned,8,0,0,cache
runsok,optmath,sample_78,all_pinned,13,0,0,cache
runsok,optmath,sample_100,all_pinned,7,0,0,cache
runsok,optmath,sample_93,all_pinned,13,0,0,cache
runsok,optmath,sample_92,all_pinned,9,0,0,cache
runsok,optmath,sample_108,all_pinned,5,0,0,cache
runsok,optmath,sample_98,all_pinned,13,0,0,cache
runsok,optmath,sample_107,all_pinned,5,0,0,cache
runsok,optmath,sample_104,all_pinned,9,0,0,cache
runsok,optmath,sample_110,all_pinned,5,0,1,cache
runsok,optmath,sample_105,all_pinned,13,0,0,cache
runsok,optmath,sample_95,all_pinned,13,0,1,cache
runsok,optmath,sample_112,all_pinned,5,0,0,cache
runsok,optmath,sample_111,all_pinned,5,0,0,cache
runsok,optmath,sample_102,all_pinned,11,0,0,cache
runsok,optmath,sample_106,all_pinned,12,0,0,cache
runsok,optmath,sample_103,all_pinned,13,0,1,cache
runsok,optmath,sample_116,all_pinned,6,0,0,cache
runsok,optmath,sample_117,all_pinned,5,0,1,cache
runsok,optmath,sample_122,all_pinned,3,0,0,cache
runsok,optmath,sample_121,all_pinned,6,0,0,cache
runsok,optmath,sample_109,all_pinned,13,0,1,cache
runsok,optmath,sample_125,all_pinned,4,0,1,cache
runsok,optmath,sample_126,all_pinned,4,0,1,cache
runsok,optmath,sample_114,all_pinned,8,0,0,cache
runsok,optmath,sample_96,any_variant,13,0,1,cache
runsok,optmath,sample_130,all_pinned,4,0,1,cache
runsok,optmath,sample_113,all_pinned,13,0,1,cache
runsok,optmath,sample_118,all_pinned,8,0,1,cache
runsok,optmath,sample_132,all_pinned,3,0,1,cache
runsok,optmath,sample_120,all_pinned,9,0,1,cache
runsok,optmath,sample_127,all_pinned,8,0,0,cache
runsok,optmath,sample_135,all_pinned,5,0,1,cache
runsok,optmath,sample_129,all_pinned,7,0,0,cache
runsok,optmath,sample_133,all_pinned,7,0,1,cache
runsok,optmath,sample_124,all_pinned,12,0,1,cache
runsok,optmath,sample_141,unattributed,0,1,0,none
runsok,optmath,sample_115,all_pinned,12,0,1,cache
runsok,optmath,sample_128,all_pinned,9,0,1,cache
runsok,optmath,sample_119,all_pinned,13,0,1,cache
runsok,optmath,sample_138,all_pinned,5,0,1,cache
runsok,optmath,sample_134,all_pinned,7,0,1,cache
runsok,optmath,sample_144,all_pinned,3,0,1,cache
runsok,optmath,sample_123,all_pinned,13,0,0,cache
runsok,optmath,sample_143,all_pinned,5,0,1,cache
runsok,optmath,sample_145,all_pinned,5,0,1,cache
runsok,optmath,sample_142,all_pinned,6,0,1,cache
runsok,optmath,sample_148,all_pinned,3,0,1,cache
runsok,optmath,sample_139,all_pinned,9,0,1,cache
runsok,optmath,sample_146,all_pinned,6,0,1,cache
runsok,optmath,sample_136,all_pinned,13,0,1,cache
runsok,optmath,sample_149,all_pinned,4,0,1,cache
runsok,optmath,sample_151,all_pinned,4,0,1,cache
runsok,optmath,sample_137,any_variant,13,0,0,cache
runsok,optmath,sample_140,all_pinned,13,0,0,cache
runsok,optmath,sample_155,all_pinned,4,0,1,cache
runsok,optmath,sample_158,all_pinned,5,0,1,cache
runsok,optmath,sample_152,all_pinned,6,0,1,cache
runsok,optmath,sample_150,all_pinned,12,0,1,cache
runsok,optmath,sample_153,all_pinned,9,0,1,cache
runsok,optmath,sample_160,all_pinned,4,0,1,cache
runsok,optmath,sample_131,all_pinned,11,0,0,cache
runsok,optmath,sample_165,all_pinned,4,0,1,cache
runsok,optmath,sample_154,all_pinned,11,0,1,cache
runsok,optmath,sample_164,all_pinned,5,0,1,cache
runsok,optmath,sample_162,all_pinned,4,0,1,cache
runsok,optmath,sample_161,all_pinned,5,0,1,cache
runsok,optmath,sample_159,all_pinned,6,0,1,cache
runsok,optmath,sample_166,all_pinned,4,0,1,cache
runsok,optmath,sample_147,all_pinned,13,0,1,cache
runsok,optmath,sample_157,all_pinned,5,0,1,cache
runsok,optmath,sample_156,all_pinned,13,0,0,cache
runsok,optmath,sample_163,all_pinned,6,0,1,cache
gate,optibench,sample_9,all_pinned,3,0,1,cache
gate,optibench,sample_4,all_pinned,5,0,1,cache
gate,optibench,sample_5,all_pinned,7,0,0,cache
gate,optibench,sample_8,all_pinned,4,0,1,cache
gate,optibench,sample_10,all_pinned,7,0,1,cache
gate,optibench,sample_12,all_pinned,5,0,1,cache
gate,optibench,sample_11,all_pinned,5,0,1,cache
gate,optibench,sample_14,all_pinned,3,0,1,cache
gate,optibench,sample_1,all_pinned,8,0,1,cache
gate,optibench,sample_21,all_pinned,5,0,0,cache
gate,optibench,sample_3,all_pinned,9,0,1,cache
gate,optibench,sample_20,all_pinned,3,0,1,cache
gate,optibench,sample_17,all_pinned,3,0,0,cache
gate,optibench,sample_6,all_pinned,11,0,1,cache
gate,optibench,sample_7,all_pinned,4,0,0,cache
gate,optibench,sample_2,all_pinned,5,0,1,cache
gate,optibench,sample_15,all_pinned,4,0,1,cache
gate,optibench,sample_25,all_pinned,4,0,1,cache
gate,optibench,sample_23,all_pinned,4,0,1,cache
gate,optibench,sample_27,all_pinned,4,0,1,cache
gate,optibench,sample_24,all_pinned,5,0,1,cache
gate,optibench,sample_18,all_pinned,5,0,1,cache
gate,optibench,sample_29,all_pinned,3,0,1,cache
gate,optibench,sample_28,all_pinned,4,0,1,cache
gate,optibench,sample_33,all_pinned,4,0,0,cache
gate,optibench,sample_36,all_pinned,5,0,0,cache
gate,optibench,sample_32,all_pinned,6,0,1,cache
gate,optibench,sample_35,all_pinned,6,0,1,cache
gate,optibench,sample_38,all_pinned,6,0,0,cache
gate,optibench,sample_13,all_pinned,13,0,1,cache
gate,optibench,sample_16,all_pinned,13,0,0,cache
gate,optibench,sample_22,all_pinned,7,0,1,cache
gate,optibench,sample_43,all_pinned,4,0,0,cache
gate,optibench,sample_42,all_pinned,3,0,1,cache
gate,optibench,sample_34,all_pinned,9,0,0,cache
gate,optibench,sample_31,all_pinned,12,0,1,cache
gate,optibench,sample_39,all_pinned,5,0,0,cache
gate,optibench,sample_19,all_pinned,13,0,0,cache
gate,optibench,sample_46,all_pinned,4,0,1,cache
gate,optibench,sample_30,all_pinned,13,0,0,cache
gate,optibench,sample_37,all_pinned,8,0,1,cache
gate,optibench,sample_51,all_pinned,4,0,1,cache
gate,optibench,sample_47,all_pinned,4,0,0,cache
gate,optibench,sample_54,all_pinned,4,0,1,cache
gate,optibench,sample_53,all_pinned,4,0,0,cache
gate,optibench,sample_40,all_pinned,13,0,0,cache
gate,optibench,sample_26,all_pinned,13,0,0,cache
gate,optibench,sample_52,all_pinned,6,0,1,cache
gate,optibench,sample_48,all_pinned,7,0,0,cache
gate,optibench,sample_41,all_pinned,10,0,0,cache
gate,optibench,sample_50,all_pinned,12,0,0,cache
gate,optibench,sample_56,all_pinned,4,0,1,cache
gate,optibench,sample_44,all_pinned,11,0,0,cache
gate,optibench,sample_58,all_pinned,4,0,1,cache
gate,optibench,sample_62,all_pinned,4,0,1,cache
gate,optibench,sample_57,all_pinned,6,0,1,cache
gate,optibench,sample_49,all_pinned,6,0,0,cache
gate,optibench,sample_61,all_pinned,6,0,1,cache
gate,optibench,sample_63,all_pinned,4,0,1,cache
gate,optibench,sample_59,all_pinned,7,0,1,cache
gate,optibench,sample_60,all_pinned,4,0,0,cache
gate,optibench,sample_64,all_pinned,7,0,1,cache
gate,optibench,sample_45,all_pinned,13,0,1,cache
gate,optibench,sample_55,all_pinned,8,0,1,cache
gate,optibench,sample_66,all_pinned,5,0,1,cache
gate,optibench,sample_69,all_pinned,4,0,1,cache
gate,optibench,sample_67,all_pinned,5,0,1,cache
gate,optibench,sample_72,all_pinned,5,0,1,cache
gate,optibench,sample_75,all_pinned,4,0,1,cache
gate,optibench,sample_74,all_pinned,4,0,1,cache
gate,optibench,sample_65,all_pinned,8,0,1,cache
gate,optibench,sample_71,all_pinned,13,0,1,cache
gate,optibench,sample_82,all_pinned,4,0,1,cache
gate,optibench,sample_73,all_pinned,13,0,1,cache
gate,optibench,sample_70,all_pinned,12,0,1,cache
gate,optibench,sample_80,all_pinned,5,0,1,cache
gate,optibench,sample_84,all_pinned,4,0,1,cache
gate,optibench,sample_83,all_pinned,6,0,0,cache
gate,optibench,sample_68,all_pinned,8,0,1,cache
gate,optibench,sample_85,all_pinned,5,0,1,cache
gate,optibench,sample_77,all_pinned,10,0,1,cache
gate,optibench,sample_86,all_pinned,5,0,1,cache
gate,optibench,sample_89,all_pinned,4,0,0,cache
gate,optibench,sample_92,all_pinned,3,0,0,cache
gate,optibench,sample_93,all_pinned,3,0,1,cache
gate,optibench,sample_94,all_pinned,4,0,1,cache
gate,optibench,sample_91,all_pinned,6,0,1,cache
gate,optibench,sample_97,all_pinned,3,0,1,cache
gate,optibench,sample_96,all_pinned,5,0,1,cache
gate,optibench,sample_78,all_pinned,4,0,1,cache
gate,optibench,sample_87,all_pinned,8,0,1,cache
gate,optibench,sample_76,all_pinned,13,0,0,cache
gate,optibench,sample_88,all_pinned,5,0,1,cache
gate,optibench,sample_79,all_pinned,13,0,0,cache
gate,optibench,sample_81,all_pinned,12,0,1,cache
gate,optibench,sample_100,all_pinned,7,0,0,cache
gate,optibench,sample_101,all_pinned,5,0,1,cache
gate,optibench,sample_99,all_pinned,6,0,1,cache
gate,optibench,sample_98,all_pinned,6,0,0,cache
gate,optibench,sample_104,all_pinned,5,0,1,cache
gate,optibench,sample_107,all_pinned,4,0,1,cache
gate,optibench,sample_109,all_pinned,4,0,0,cache
gate,optibench,sample_105,all_pinned,9,0,0,cache
gate,optibench,sample_111,all_pinned,4,0,0,cache
gate,optibench,sample_95,all_pinned,13,0,1,cache
gate,optibench,sample_113,all_pinned,5,0,1,cache
gate,optibench,sample_117,all_pinned,3,0,1,cache
gate,optibench,sample_116,all_pinned,4,0,1,cache
gate,optibench,sample_114,all_pinned,5,0,1,cache
gate,optibench,sample_112,all_pinned,7,0,1,cache
gate,optibench,sample_103,all_pinned,13,0,0,cache
gate,optibench,sample_115,all_pinned,5,0,1,cache
gate,optibench,sample_110,all_pinned,7,0,0,cache
gate,optibench,sample_108,all_pinned,9,0,0,cache
gate,optibench,sample_102,all_pinned,13,0,0,cache
gate,optibench,sample_90,all_pinned,13,0,0,cache
gate,optibench,sample_106,all_pinned,13,0,0,cache
gate,optibench,sample_120,all_pinned,6,0,1,cache
gate,optibench,sample_124,all_pinned,4,0,0,cache
gate,optibench,sample_128,all_pinned,4,0,1,cache
gate,optibench,sample_125,all_pinned,6,0,1,cache
gate,optibench,sample_123,all_pinned,8,0,0,cache
gate,optibench,sample_127,all_pinned,4,0,1,cache
gate,optibench,sample_121,all_pinned,7,0,0,cache
gate,optibench,sample_129,all_pinned,6,0,1,cache
gate,optibench,sample_122,all_pinned,9,0,0,cache
gate,optibench,sample_132,all_pinned,4,0,0,cache
gate,optibench,sample_133,all_pinned,5,0,1,cache
gate,optibench,sample_135,all_pinned,3,0,1,cache
gate,optibench,sample_138,all_pinned,3,0,1,cache
gate,optibench,sample_130,all_pinned,3,0,0,cache
gate,optibench,sample_143,all_pinned,4,0,1,cache
gate,optibench,sample_119,all_pinned,6,0,1,cache
gate,optibench,sample_137,all_pinned,4,0,1,cache
gate,optibench,sample_144,all_pinned,5,0,1,cache
gate,optibench,sample_145,all_pinned,3,0,0,cache
gate,optibench,sample_146,all_pinned,5,0,1,cache
gate,optibench,sample_136,all_pinned,7,0,0,cache
gate,optibench,sample_131,all_pinned,7,0,0,cache
gate,optibench,sample_140,all_pinned,6,0,1,cache
gate,optibench,sample_139,all_pinned,6,0,1,cache
gate,optibench,sample_126,all_pinned,13,0,1,cache
gate,optibench,sample_148,all_pinned,8,0,1,cache
gate,optibench,sample_118,all_pinned,13,0,1,cache
gate,optibench,sample_147,all_pinned,6,0,0,cache
gate,optibench,sample_134,all_pinned,7,0,0,cache
gate,optibench,sample_142,all_pinned,13,0,0,cache
gate,optibench,sample_149,all_pinned,6,0,1,cache
gate,optibench,sample_150,all_pinned,8,0,0,cache
gate,optibench,sample_153,all_pinned,5,0,1,cache
gate,optibench,sample_151,all_pinned,6,0,1,cache
gate,optibench,sample_155,all_pinned,4,0,1,cache
gate,optibench,sample_159,all_pinned,4,0,1,cache
gate,optibench,sample_156,all_pinned,4,0,1,cache
gate,optibench,sample_154,all_pinned,6,0,0,cache
gate,optibench,sample_161,all_pinned,4,0,1,cache
gate,optibench,sample_165,all_pinned,4,0,0,cache
gate,optibench,sample_163,all_pinned,4,0,1,cache
gate,optibench,sample_157,all_pinned,5,0,1,cache
gate,optibench,sample_167,all_pinned,3,0,0,cache
gate,optibench,sample_171,all_pinned,3,0,1,cache
gate,optibench,sample_169,all_pinned,4,0,1,cache
gate,optibench,sample_170,all_pinned,4,0,1,cache
gate,optibench,sample_160,all_pinned,11,0,0,cache
gate,optibench,sample_162,all_pinned,13,0,1,cache
gate,optibench,sample_174,all_pinned,5,0,1,cache
gate,optibench,sample_168,all_pinned,6,0,1,cache
gate,optibench,sample_164,all_pinned,7,0,1,cache
gate,optibench,sample_158,all_pinned,6,0,0,cache
gate,optibench,sample_172,all_pinned,5,0,1,cache
gate,optibench,sample_179,all_pinned,4,0,0,cache
gate,optibench,sample_177,all_pinned,5,0,1,cache
gate,optibench,sample_180,all_pinned,3,0,1,cache
gate,optibench,sample_173,all_pinned,6,0,1,cache
gate,optibench,sample_182,all_pinned,4,0,1,cache
gate,optibench,sample_184,all_pinned,4,0,1,cache
gate,optibench,sample_141,all_pinned,12,0,0,cache
gate,optibench,sample_152,all_pinned,10,0,0,cache
gate,optibench,sample_186,all_pinned,3,0,1,cache
gate,optibench,sample_185,all_pinned,4,0,1,cache
gate,optibench,sample_189,all_pinned,4,0,1,cache
gate,optibench,sample_176,all_pinned,13,0,1,cache
gate,optibench,sample_166,all_pinned,13,0,0,cache
gate,optibench,sample_188,all_pinned,5,0,1,cache
gate,optibench,sample_191,all_pinned,4,0,1,cache
gate,optibench,sample_190,all_pinned,5,0,1,cache
gate,optibench,sample_178,all_pinned,13,0,0,cache
gate,optibench,sample_194,all_pinned,5,0,1,cache
gate,optibench,sample_192,all_pinned,7,0,1,cache
gate,optibench,sample_187,all_pinned,7,0,1,cache
gate,optibench,sample_200,all_pinned,4,0,1,cache
gate,optibench,sample_201,all_pinned,3,0,1,cache
gate,optibench,sample_181,all_pinned,13,0,1,cache
gate,optibench,sample_193,all_pinned,7,0,1,cache
gate,optibench,sample_199,all_pinned,4,0,1,cache
gate,optibench,sample_198,all_pinned,6,0,1,cache
gate,optibench,sample_175,all_pinned,13,0,0,cache
gate,optibench,sample_196,all_pinned,9,0,1,cache
gate,optibench,sample_202,all_pinned,4,0,1,cache
gate,optibench,sample_206,all_pinned,5,0,1,cache
gate,optibench,sample_209,all_pinned,4,0,1,cache
gate,optibench,sample_204,all_pinned,4,0,1,cache
gate,optibench,sample_195,all_pinned,11,0,1,cache
gate,optibench,sample_208,all_pinned,5,0,1,cache
gate,optibench,sample_211,all_pinned,5,0,1,cache
gate,optibench,sample_197,all_pinned,8,0,1,cache
gate,optibench,sample_210,all_pinned,5,0,1,cache
gate,optibench,sample_215,all_pinned,5,0,1,cache
gate,optibench,sample_216,all_pinned,5,0,1,cache
gate,optibench,sample_218,all_pinned,6,0,1,cache
gate,optibench,sample_183,all_pinned,13,0,0,cache
gate,optibench,sample_219,all_pinned,4,0,1,cache
gate,optibench,sample_205,all_pinned,8,0,0,cache
gate,optibench,sample_213,all_pinned,5,0,1,cache
gate,optibench,sample_217,all_pinned,5,0,1,cache
gate,optibench,sample_212,all_pinned,7,0,1,cache
gate,optibench,sample_214,all_pinned,6,0,0,cache
gate,optibench,sample_226,all_pinned,3,0,1,cache
gate,optibench,sample_228,all_pinned,4,0,1,cache
gate,optibench,sample_221,all_pinned,5,0,0,cache
gate,optibench,sample_225,all_pinned,3,0,1,cache
gate,optibench,sample_222,all_pinned,7,0,1,cache
gate,optibench,sample_220,all_pinned,11,0,1,cache
gate,optibench,sample_230,any_variant,4,0,1,cache
gate,optibench,sample_233,all_pinned,5,0,1,cache
gate,optibench,sample_207,all_pinned,12,0,1,cache
gate,optibench,sample_236,all_pinned,4,0,1,cache
gate,optibench,sample_227,all_pinned,6,0,1,cache
gate,optibench,sample_231,all_pinned,6,0,1,cache
gate,optibench,sample_203,all_pinned,13,0,0,cache
gate,optibench,sample_241,all_pinned,4,0,0,cache
gate,optibench,sample_223,all_pinned,6,0,1,cache
gate,optibench,sample_238,all_pinned,4,0,1,cache
gate,optibench,sample_240,all_pinned,4,0,1,cache
gate,optibench,sample_239,all_pinned,5,0,1,cache
gate,optibench,sample_237,all_pinned,6,0,1,cache
gate,optibench,sample_243,all_pinned,4,0,1,cache
gate,optibench,sample_245,all_pinned,4,0,1,cache
gate,optibench,sample_244,all_pinned,4,0,1,cache
gate,optibench,sample_249,all_pinned,3,0,1,cache
gate,optibench,sample_242,all_pinned,6,0,1,cache
gate,optibench,sample_232,all_pinned,13,0,1,cache
gate,optibench,sample_248,all_pinned,4,0,1,cache
gate,optibench,sample_229,all_pinned,11,0,1,cache
gate,optibench,sample_251,all_pinned,6,0,1,cache
gate,optibench,sample_250,all_pinned,7,0,1,cache
gate,optibench,sample_224,all_pinned,13,0,1,cache
gate,optibench,sample_252,all_pinned,4,0,1,cache
gate,optibench,sample_247,all_pinned,9,0,1,cache
gate,optibench,sample_234,all_pinned,7,0,0,cache
gate,optibench,sample_255,all_pinned,7,0,1,cache
gate,optibench,sample_258,all_pinned,5,0,1,cache
gate,optibench,sample_253,all_pinned,7,0,1,cache
gate,optibench,sample_260,all_pinned,4,0,1,cache
gate,optibench,sample_261,all_pinned,3,0,1,cache
gate,optibench,sample_264,all_pinned,4,0,1,cache
gate,optibench,sample_235,all_pinned,12,0,0,cache
gate,optibench,sample_259,all_pinned,8,0,1,cache
gate,optibench,sample_267,all_pinned,5,0,0,cache
gate,optibench,sample_254,all_pinned,6,0,1,cache
gate,optibench,sample_266,all_pinned,6,0,1,cache
gate,optibench,sample_268,all_pinned,4,0,1,cache
gate,optibench,sample_262,all_pinned,4,0,1,cache
gate,optibench,sample_269,all_pinned,4,0,0,cache
gate,optibench,sample_271,all_pinned,4,0,0,cache
gate,optibench,sample_263,all_pinned,7,0,1,cache
gate,optibench,sample_272,all_pinned,4,0,1,cache
gate,optibench,sample_270,all_pinned,5,0,0,cache
gate,optibench,sample_274,all_pinned,4,0,1,cache
gate,optibench,sample_265,all_pinned,7,0,1,cache
gate,optibench,sample_277,all_pinned,4,0,1,cache
gate,optibench,sample_276,all_pinned,4,0,0,cache
gate,optibench,sample_246,all_pinned,13,0,1,cache
gate,optibench,sample_282,all_pinned,4,0,1,cache
gate,optibench,sample_278,all_pinned,4,0,1,cache
gate,optibench,sample_275,all_pinned,13,0,1,cache
gate,optibench,sample_256,all_pinned,8,0,1,cache
gate,optibench,sample_280,all_pinned,6,0,1,cache
gate,optibench,sample_286,all_pinned,4,0,1,cache
gate,optibench,sample_273,all_pinned,13,0,1,cache
gate,optibench,sample_285,all_pinned,4,0,1,cache
gate,optibench,sample_283,all_pinned,5,0,1,cache
gate,optibench,sample_288,all_pinned,6,0,1,cache
gate,optibench,sample_257,all_pinned,13,0,1,cache
gate,optibench,sample_291,all_pinned,5,0,0,cache
gate,optibench,sample_292,all_pinned,4,0,1,cache
gate,optibench,sample_289,all_pinned,5,0,0,cache
gate,optibench,sample_296,all_pinned,3,0,1,cache
gate,optibench,sample_295,all_pinned,4,0,1,cache
gate,optibench,sample_297,all_pinned,4,0,1,cache
gate,optibench,sample_298,all_pinned,6,0,1,cache
gate,optibench,sample_290,all_pinned,10,0,0,cache
gate,optibench,sample_281,all_pinned,9,0,0,cache
gate,optibench,sample_299,all_pinned,6,0,1,cache
gate,optibench,sample_303,all_pinned,3,0,1,cache
gate,optibench,sample_294,all_pinned,6,0,0,cache
gate,optibench,sample_301,all_pinned,7,0,1,cache
gate,optibench,sample_284,all_pinned,10,0,0,cache
gate,optibench,sample_300,all_pinned,4,0,1,cache
gate,optibench,sample_293,all_pinned,9,0,0,cache
gate,optibench,sample_304,all_pinned,5,0,0,cache
gate,optibench,sample_287,all_pinned,13,0,0,cache
gate,optibench,sample_307,all_pinned,4,0,1,cache
gate,optibench,sample_312,all_pinned,3,0,1,cache
gate,optibench,sample_313,all_pinned,3,0,1,cache
gate,optibench,sample_308,all_pinned,6,0,1,cache
gate,optibench,sample_302,all_pinned,6,0,1,cache
gate,optibench,sample_311,all_pinned,7,0,1,cache
gate,optibench,sample_310,all_pinned,5,0,0,cache
gate,optibench,sample_314,all_pinned,11,0,1,cache
gate,optibench,sample_320,all_pinned,4,0,1,cache
gate,optibench,sample_316,all_pinned,6,0,1,cache
gate,optibench,sample_315,all_pinned,6,0,0,cache
gate,optibench,sample_317,all_pinned,6,0,1,cache
gate,optibench,sample_318,all_pinned,6,0,1,cache
gate,optibench,sample_321,all_pinned,5,0,1,cache
gate,optibench,sample_279,all_pinned,13,0,0,cache
gate,optibench,sample_325,all_pinned,4,0,1,cache
gate,optibench,sample_324,all_pinned,4,0,1,cache
gate,optibench,sample_331,all_pinned,4,0,0,cache
gate,optibench,sample_330,all_pinned,5,0,1,cache
gate,optibench,sample_305,any_variant,13,0,0,cache
gate,optibench,sample_334,all_pinned,4,0,1,cache
gate,optibench,sample_309,all_pinned,13,0,1,cache
gate,optibench,sample_323,all_pinned,7,0,1,cache
gate,optibench,sample_332,all_pinned,6,0,1,cache
gate,optibench,sample_329,all_pinned,5,0,0,cache
gate,optibench,sample_336,all_pinned,5,0,1,cache
gate,optibench,sample_333,all_pinned,9,0,1,cache
gate,optibench,sample_335,all_pinned,5,0,1,cache
gate,optibench,sample_327,all_pinned,7,0,0,cache
gate,optibench,sample_322,all_pinned,13,0,0,cache
gate,optibench,sample_339,all_pinned,4,0,0,cache
gate,optibench,sample_340,all_pinned,4,0,1,cache
gate,optibench,sample_337,all_pinned,8,0,1,cache
gate,optibench,sample_341,all_pinned,5,0,1,cache
gate,optibench,sample_306,all_pinned,13,0,0,cache
gate,optibench,sample_326,all_pinned,13,0,1,cache
gate,optibench,sample_343,all_pinned,6,0,1,cache
gate,optibench,sample_319,all_pinned,13,0,0,cache
gate,optibench,sample_328,all_pinned,13,0,1,cache
gate,optibench,sample_347,all_pinned,5,0,0,cache
gate,optibench,sample_349,all_pinned,3,0,1,cache
gate,optibench,sample_345,all_pinned,8,0,1,cache
gate,optibench,sample_344,all_pinned,5,0,1,cache
gate,optibench,sample_338,all_pinned,9,0,1,cache
gate,optibench,sample_353,all_pinned,4,0,1,cache
gate,optibench,sample_351,all_pinned,6,0,1,cache
gate,optibench,sample_356,all_pinned,4,0,0,cache
gate,optibench,sample_357,all_pinned,5,0,1,cache
gate,optibench,sample_354,all_pinned,4,0,1,cache
gate,optibench,sample_348,all_pinned,8,0,0,cache
gate,optibench,sample_361,all_pinned,4,0,1,cache
gate,optibench,sample_342,all_pinned,13,0,1,cache
gate,optibench,sample_366,all_pinned,3,0,1,cache
gate,optibench,sample_365,all_pinned,5,0,1,cache
gate,optibench,sample_360,all_pinned,9,0,1,cache
gate,optibench,sample_362,all_pinned,5,0,1,cache
gate,optibench,sample_367,all_pinned,5,0,1,cache
gate,optibench,sample_358,all_pinned,13,0,1,cache
gate,optibench,sample_350,all_pinned,13,0,0,cache
gate,optibench,sample_364,all_pinned,8,0,0,cache
gate,optibench,sample_374,all_pinned,3,0,1,cache
gate,optibench,sample_368,all_pinned,5,0,1,cache
gate,optibench,sample_352,all_pinned,11,0,1,cache
gate,optibench,sample_369,all_pinned,5,0,1,cache
gate,optibench,sample_371,all_pinned,4,0,1,cache
gate,optibench,sample_377,all_pinned,4,0,1,cache
gate,optibench,sample_375,all_pinned,4,0,1,cache
gate,optibench,sample_372,all_pinned,5,0,1,cache
gate,optibench,sample_378,all_pinned,4,0,1,cache
gate,optibench,sample_382,all_pinned,4,0,1,cache
gate,optibench,sample_346,all_pinned,13,0,1,cache
gate,optibench,sample_370,all_pinned,9,0,1,cache
gate,optibench,sample_380,all_pinned,4,0,1,cache
gate,optibench,sample_363,all_pinned,13,0,0,cache
gate,optibench,sample_386,all_pinned,5,0,0,cache
gate,optibench,sample_355,all_pinned,13,0,1,cache
gate,optibench,sample_381,all_pinned,6,0,1,cache
gate,optibench,sample_388,all_pinned,4,0,0,cache
gate,optibench,sample_385,all_pinned,5,0,1,cache
gate,optibench,sample_383,all_pinned,7,0,1,cache
gate,optibench,sample_389,all_pinned,3,0,1,cache
gate,optibench,sample_387,all_pinned,5,0,1,cache
gate,optibench,sample_394,all_pinned,4,0,1,cache
gate,optibench,sample_392,all_pinned,6,0,1,cache
gate,optibench,sample_379,all_pinned,6,0,0,cache
gate,optibench,sample_376,all_pinned,13,0,0,cache
gate,optibench,sample_384,all_pinned,12,0,0,cache
gate,optibench,sample_391,all_pinned,5,0,1,cache
gate,optibench,sample_390,all_pinned,13,0,1,cache
gate,optibench,sample_401,all_pinned,4,0,1,cache
gate,optibench,sample_395,all_pinned,7,0,1,cache
gate,optibench,sample_403,all_pinned,4,0,1,cache
gate,optibench,sample_402,all_pinned,4,0,1,cache
gate,optibench,sample_398,all_pinned,7,0,1,cache
gate,optibench,sample_404,all_pinned,4,0,1,cache
gate,optibench,sample_405,all_pinned,4,0,0,cache
gate,optibench,sample_393,all_pinned,13,0,0,cache
gate,optibench,sample_407,all_pinned,3,0,1,cache
gate,optibench,sample_400,all_pinned,7,0,1,cache
gate,optibench,sample_359,all_pinned,13,0,0,cache
gate,optibench,sample_413,all_pinned,4,0,1,cache
gate,optibench,sample_373,all_pinned,12,0,0,cache
gate,optibench,sample_408,all_pinned,8,0,0,cache
gate,optibench,sample_411,all_pinned,9,0,1,cache
gate,optibench,sample_397,all_pinned,13,0,1,cache
gate,optibench,sample_416,all_pinned,5,0,1,cache
gate,optibench,sample_415,all_pinned,6,0,1,cache
gate,optibench,sample_409,all_pinned,7,0,0,cache
gate,optibench,sample_412,all_pinned,9,0,1,cache
gate,optibench,sample_399,all_pinned,13,0,1,cache
gate,optibench,sample_420,all_pinned,3,0,1,cache
gate,optibench,sample_421,all_pinned,5,0,1,cache
gate,optibench,sample_419,all_pinned,4,0,1,cache
gate,optibench,sample_417,all_pinned,6,0,1,cache
gate,optibench,sample_406,all_pinned,11,0,1,cache
gate,optibench,sample_423,all_pinned,10,0,1,cache
gate,optibench,sample_428,all_pinned,3,0,1,cache
gate,optibench,sample_424,all_pinned,6,0,0,cache
gate,optibench,sample_425,all_pinned,7,0,1,cache
gate,optibench,sample_396,all_pinned,13,0,0,cache
gate,optibench,sample_426,all_pinned,6,0,0,cache
gate,optibench,sample_422,all_pinned,6,0,0,cache
gate,optibench,sample_429,all_pinned,4,0,1,cache
gate,optibench,sample_430,all_pinned,4,0,1,cache
gate,optibench,sample_431,all_pinned,4,0,1,cache
gate,optibench,sample_434,all_pinned,4,0,1,cache
gate,optibench,sample_435,all_pinned,4,0,1,cache
gate,optibench,sample_410,all_pinned,13,0,0,cache
gate,optibench,sample_432,all_pinned,4,0,1,cache
gate,optibench,sample_436,all_pinned,4,0,0,cache
gate,optibench,sample_433,all_pinned,7,0,1,cache
gate,optibench,sample_441,all_pinned,5,0,1,cache
gate,optibench,sample_439,all_pinned,5,0,0,cache
gate,optibench,sample_418,all_pinned,9,0,0,cache
gate,optibench,sample_443,all_pinned,4,0,1,cache
gate,optibench,sample_444,all_pinned,4,0,1,cache
gate,optibench,sample_437,all_pinned,4,0,0,cache
gate,optibench,sample_446,all_pinned,4,0,1,cache
gate,optibench,sample_427,all_pinned,8,0,0,cache
gate,optibench,sample_414,all_pinned,12,0,0,cache
gate,optibench,sample_454,any_variant,3,0,0,cache
gate,optibench,sample_448,all_pinned,4,0,1,cache
gate,optibench,sample_445,all_pinned,5,0,0,cache
gate,optibench,sample_442,all_pinned,5,0,1,cache
gate,optibench,sample_438,all_pinned,4,0,1,cache
gate,optibench,sample_447,all_pinned,4,0,0,cache
gate,optibench,sample_458,all_pinned,3,0,1,cache
gate,optibench,sample_452,all_pinned,6,0,1,cache
gate,optibench,sample_459,all_pinned,5,0,1,cache
gate,optibench,sample_461,all_pinned,4,0,1,cache
gate,optibench,sample_460,all_pinned,8,0,0,cache
gate,optibench,sample_463,all_pinned,4,0,1,cache
gate,optibench,sample_449,all_pinned,13,0,1,cache
gate,optibench,sample_464,all_pinned,4,0,1,cache
gate,optibench,sample_453,all_pinned,11,0,1,cache
gate,optibench,sample_466,all_pinned,4,0,1,cache
gate,optibench,sample_465,all_pinned,5,0,1,cache
gate,optibench,sample_451,all_pinned,13,0,1,cache
gate,optibench,sample_468,all_pinned,3,0,1,cache
gate,optibench,sample_455,all_pinned,13,0,0,cache
gate,optibench,sample_462,all_pinned,8,0,0,cache
gate,optibench,sample_456,all_pinned,13,0,0,cache
gate,optibench,sample_470,all_pinned,3,0,0,cache
gate,optibench,sample_450,all_pinned,12,0,0,cache
gate,optibench,sample_457,all_pinned,13,0,1,cache
gate,optibench,sample_479,any_variant,3,0,1,cache
gate,optibench,sample_467,all_pinned,5,0,1,cache
gate,optibench,sample_475,all_pinned,4,0,0,cache
gate,optibench,sample_474,all_pinned,5,0,1,cache
gate,optibench,sample_440,all_pinned,13,0,0,cache
gate,optibench,sample_476,all_pinned,4,0,1,cache
gate,optibench,sample_477,all_pinned,6,0,0,cache
gate,optibench,sample_469,all_pinned,10,0,1,cache
gate,optibench,sample_472,all_pinned,10,0,1,cache
gate,optibench,sample_471,all_pinned,7,0,1,cache
gate,optibench,sample_482,all_pinned,3,0,1,cache
gate,optibench,sample_484,all_pinned,4,0,1,cache
gate,optibench,sample_473,all_pinned,7,0,1,cache
gate,optibench,sample_478,all_pinned,7,0,1,cache
gate,optibench,sample_489,all_pinned,4,0,1,cache
gate,optibench,sample_485,all_pinned,5,0,1,cache
gate,optibench,sample_491,all_pinned,3,0,0,cache
gate,optibench,sample_483,all_pinned,6,0,0,cache
gate,optibench,sample_481,all_pinned,4,0,0,cache
gate,optibench,sample_486,all_pinned,5,0,0,cache
gate,optibench,sample_480,all_pinned,5,0,0,cache
gate,optibench,sample_494,all_pinned,5,0,0,cache
gate,optibench,sample_498,all_pinned,3,0,1,cache
gate,optibench,sample_500,all_pinned,3,0,1,cache
gate,optibench,sample_496,all_pinned,5,0,1,cache
gate,optibench,sample_492,all_pinned,5,0,1,cache
gate,optibench,sample_497,all_pinned,5,0,1,cache
gate,optibench,sample_487,all_pinned,13,0,0,cache
gate,optibench,sample_499,all_pinned,5,0,1,cache
gate,optibench,sample_495,all_pinned,7,0,0,cache
gate,optibench,sample_509,any_variant,3,0,1,cache
gate,optibench,sample_505,all_pinned,3,0,1,cache
gate,optibench,sample_501,all_pinned,9,0,1,cache
gate,optibench,sample_508,all_pinned,4,0,1,cache
gate,optibench,sample_503,all_pinned,8,0,1,cache
gate,optibench,sample_502,all_pinned,8,0,1,cache
gate,optibench,sample_506,all_pinned,4,0,0,cache
gate,optibench,sample_513,all_pinned,5,0,1,cache
gate,optibench,sample_512,all_pinned,4,0,1,cache
gate,optibench,sample_510,all_pinned,4,0,1,cache
gate,optibench,sample_488,all_pinned,11,0,1,cache
gate,optibench,sample_507,all_pinned,11,0,1,cache
gate,optibench,sample_515,all_pinned,5,0,1,cache
gate,optibench,sample_504,all_pinned,9,0,1,cache
gate,optibench,sample_511,all_pinned,7,0,1,cache
gate,optibench,sample_519,all_pinned,4,0,1,cache
gate,optibench,sample_517,all_pinned,5,0,1,cache
gate,optibench,sample_493,all_pinned,13,0,1,cache
gate,optibench,sample_514,all_pinned,6,0,0,cache
gate,optibench,sample_518,all_pinned,6,0,1,cache
gate,optibench,sample_522,all_pinned,6,0,1,cache
gate,optibench,sample_520,all_pinned,6,0,1,cache
gate,optibench,sample_490,all_pinned,13,0,1,cache
gate,optibench,sample_523,all_pinned,4,0,1,cache
gate,optibench,sample_524,all_pinned,4,0,0,cache
gate,optibench,sample_516,all_pinned,11,0,0,cache
gate,optibench,sample_526,all_pinned,9,0,1,cache
gate,optibench,sample_532,all_pinned,4,0,1,cache
gate,optibench,sample_528,all_pinned,7,0,1,cache
gate,optibench,sample_537,all_pinned,3,0,1,cache
gate,optibench,sample_535,all_pinned,4,0,1,cache
gate,optibench,sample_527,all_pinned,8,0,1,cache
gate,optibench,sample_533,all_pinned,6,0,1,cache
gate,optibench,sample_529,all_pinned,9,0,1,cache
gate,optibench,sample_521,all_pinned,13,0,0,cache
gate,optibench,sample_531,all_pinned,11,0,1,cache
gate,optibench,sample_543,all_pinned,5,0,1,cache
gate,optibench,sample_540,all_pinned,5,0,1,cache
gate,optibench,sample_534,all_pinned,9,0,1,cache
gate,optibench,sample_536,all_pinned,10,0,1,cache
gate,optibench,sample_539,all_pinned,6,0,0,cache
gate,optibench,sample_538,all_pinned,8,0,0,cache
gate,optibench,sample_525,all_pinned,13,0,0,cache
gate,optibench,sample_550,all_pinned,3,0,1,cache
gate,optibench,sample_544,all_pinned,6,0,1,cache
gate,optibench,sample_546,all_pinned,5,0,0,cache
gate,optibench,sample_552,all_pinned,3,0,1,cache
gate,optibench,sample_548,all_pinned,5,0,1,cache
gate,optibench,sample_553,all_pinned,3,0,1,cache
gate,optibench,sample_549,all_pinned,5,0,1,cache
gate,optibench,sample_557,all_pinned,3,0,0,cache
gate,optibench,sample_547,all_pinned,5,0,0,cache
gate,optibench,sample_554,all_pinned,5,0,0,cache
gate,optibench,sample_558,all_pinned,4,0,1,cache
gate,optibench,sample_551,all_pinned,8,0,1,cache
gate,optibench,sample_541,all_pinned,11,0,0,cache
gate,optibench,sample_561,all_pinned,4,0,1,cache
gate,optibench,sample_556,all_pinned,6,0,1,cache
gate,optibench,sample_555,all_pinned,5,0,1,cache
gate,optibench,sample_530,all_pinned,12,0,1,cache
gate,optibench,sample_563,all_pinned,4,0,1,cache
gate,optibench,sample_568,all_pinned,4,0,1,cache
gate,optibench,sample_562,all_pinned,6,0,1,cache
gate,optibench,sample_566,all_pinned,3,0,1,cache
gate,optibench,sample_565,all_pinned,4,0,1,cache
gate,optibench,sample_559,all_pinned,6,0,0,cache
gate,optibench,sample_569,all_pinned,6,0,1,cache
gate,optibench,sample_542,all_pinned,12,0,0,cache
gate,optibench,sample_545,all_pinned,11,0,1,cache
gate,optibench,sample_574,all_pinned,4,0,1,cache
gate,optibench,sample_570,all_pinned,7,0,1,cache
gate,optibench,sample_567,all_pinned,8,0,1,cache
gate,optibench,sample_575,all_pinned,3,0,1,cache
gate,optibench,sample_560,all_pinned,11,0,1,cache
gate,optibench,sample_576,all_pinned,5,0,0,cache
gate,optibench,sample_571,all_pinned,13,0,1,cache
gate,optibench,sample_564,all_pinned,6,0,1,cache
gate,optibench,sample_577,all_pinned,7,0,1,cache
gate,optibench,sample_582,all_pinned,5,0,1,cache
gate,optibench,sample_572,all_pinned,9,0,1,cache
gate,optibench,sample_586,all_pinned,4,0,1,cache
gate,optibench,sample_583,all_pinned,7,0,1,cache
gate,optibench,sample_581,all_pinned,8,0,1,cache
gate,optibench,sample_580,all_pinned,12,0,0,cache
gate,optibench,sample_579,all_pinned,8,0,1,cache
gate,optibench,sample_585,all_pinned,6,0,1,cache
gate,optibench,sample_590,all_pinned,4,0,1,cache
gate,optibench,sample_578,all_pinned,10,0,1,cache
gate,optibench,sample_584,all_pinned,6,0,0,cache
gate,optibench,sample_588,all_pinned,5,0,0,cache
gate,optibench,sample_593,all_pinned,3,0,1,cache
gate,optibench,sample_592,all_pinned,7,0,1,cache
gate,optibench,sample_594,all_pinned,5,0,1,cache
gate,optibench,sample_595,all_pinned,5,0,1,cache
gate,optibench,sample_597,all_pinned,5,0,1,cache
gate,optibench,sample_600,all_pinned,4,0,1,cache
gate,optibench,sample_596,all_pinned,6,0,1,cache
gate,optibench,sample_599,all_pinned,4,0,1,cache
gate,optibench,sample_587,all_pinned,10,0,1,cache
gate,optibench,sample_602,all_pinned,7,0,0,cache
gate,optibench,sample_603,all_pinned,4,0,1,cache
gate,optibench,sample_601,all_pinned,4,0,1,cache
gate,optibench,sample_598,all_pinned,6,0,1,cache
gate,optibench,sample_589,all_pinned,13,0,0,cache
gate,optibench,sample_573,all_pinned,13,0,0,cache
gate,optibench,sample_591,all_pinned,13,0,1,cache
gate,optibench,sample_604,all_pinned,8,0,0,cache
gate,optibench,sample_605,all_pinned,12,0,0,cache
gate,mamo_c,sample_5,all_pinned,4,0,0,cache
gate,mamo_c,sample_9,all_pinned,3,0,0,cache
gate,mamo_c,sample_10,all_pinned,4,0,0,cache
gate,mamo_c,sample_8,all_pinned,3,0,0,cache
gate,mamo_c,sample_13,all_pinned,3,0,1,cache
gate,mamo_c,sample_2,all_pinned,6,0,1,cache
gate,mamo_c,sample_14,all_pinned,6,0,1,cache
gate,mamo_c,sample_12,all_pinned,13,0,0,cache
gate,mamo_c,sample_15,all_pinned,6,0,1,cache
gate,mamo_c,sample_18,all_pinned,4,0,1,cache
gate,mamo_c,sample_1,all_pinned,13,0,0,cache
gate,mamo_c,sample_3,all_pinned,8,0,0,cache
gate,mamo_c,sample_20,all_pinned,4,0,0,cache
gate,mamo_c,sample_22,all_pinned,4,0,0,cache
gate,mamo_c,sample_16,all_pinned,6,0,1,cache
gate,mamo_c,sample_11,all_pinned,13,0,0,cache
gate,mamo_c,sample_4,all_pinned,13,0,0,cache
gate,mamo_c,sample_7,all_pinned,13,0,0,cache
gate,mamo_c,sample_17,all_pinned,6,0,1,cache
gate,mamo_c,sample_28,all_pinned,4,0,1,cache
gate,mamo_c,sample_24,all_pinned,7,0,0,cache
gate,mamo_c,sample_19,all_pinned,7,0,1,cache
gate,mamo_c,sample_6,all_pinned,13,0,0,cache
gate,mamo_c,sample_30,all_pinned,5,0,1,cache
gate,mamo_c,sample_31,all_pinned,7,0,0,cache
gate,mamo_c,sample_33,all_pinned,5,0,1,cache
gate,mamo_c,sample_23,all_pinned,9,0,1,cache
gate,mamo_c,sample_32,all_pinned,6,0,0,cache
gate,mamo_c,sample_26,all_pinned,7,0,1,cache
gate,mamo_c,sample_41,all_pinned,5,0,1,cache
gate,mamo_c,sample_29,all_pinned,9,0,1,cache
gate,mamo_c,sample_27,all_pinned,13,0,0,cache
gate,mamo_c,sample_21,all_pinned,13,0,0,cache
gate,mamo_c,sample_38,all_pinned,8,0,1,cache
gate,mamo_c,sample_40,all_pinned,4,0,1,cache
gate,mamo_c,sample_25,all_pinned,13,0,1,cache
gate,mamo_c,sample_37,all_pinned,9,0,1,cache
gate,mamo_c,sample_34,all_pinned,13,0,1,cache
gate,mamo_c,sample_46,all_pinned,5,0,1,cache
gate,mamo_c,sample_35,all_pinned,13,0,0,cache
gate,mamo_c,sample_43,all_pinned,5,0,1,cache
gate,mamo_c,sample_50,all_pinned,3,0,1,cache
gate,mamo_c,sample_42,all_pinned,7,0,1,cache
gate,mamo_c,sample_44,all_pinned,5,0,1,cache
gate,mamo_c,sample_36,all_pinned,13,0,1,cache
gate,mamo_c,sample_52,all_pinned,4,0,1,cache
gate,mamo_c,sample_58,all_pinned,3,0,0,cache
gate,mamo_c,sample_55,all_pinned,4,0,1,cache
gate,mamo_c,sample_53,all_pinned,6,0,0,cache
gate,mamo_c,sample_39,all_pinned,13,0,0,cache
gate,mamo_c,sample_57,all_pinned,7,0,0,cache
gate,mamo_c,sample_61,all_pinned,5,0,0,cache
gate,mamo_c,sample_64,all_pinned,4,0,0,cache
gate,mamo_c,sample_59,all_pinned,4,0,1,cache
gate,mamo_c,sample_47,all_pinned,13,0,0,cache
gate,mamo_c,sample_54,all_pinned,13,0,1,cache
gate,mamo_c,sample_56,all_pinned,13,0,0,cache
gate,mamo_c,sample_49,all_pinned,13,0,1,cache
gate,mamo_c,sample_45,all_pinned,13,0,0,cache
gate,mamo_c,sample_62,all_pinned,6,0,1,cache
gate,mamo_c,sample_71,all_pinned,5,0,0,cache
gate,mamo_c,sample_67,all_pinned,5,0,1,cache
gate,mamo_c,sample_66,all_pinned,6,0,0,cache
gate,mamo_c,sample_51,all_pinned,13,0,1,cache
gate,mamo_c,sample_70,all_pinned,4,0,1,cache
gate,mamo_c,sample_72,all_pinned,4,0,1,cache
gate,mamo_c,sample_65,all_pinned,12,0,1,cache
gate,mamo_c,sample_48,all_pinned,13,0,1,cache
gate,mamo_c,sample_74,all_pinned,5,0,0,cache
gate,mamo_c,sample_63,all_pinned,8,0,1,cache
gate,mamo_c,sample_77,all_pinned,5,0,1,cache
gate,mamo_c,sample_76,all_pinned,5,0,1,cache
gate,mamo_c,sample_84,all_pinned,4,0,0,cache
gate,mamo_c,sample_75,all_pinned,8,0,1,cache
gate,mamo_c,sample_68,all_pinned,11,0,1,cache
gate,mamo_c,sample_83,all_pinned,5,0,1,cache
gate,mamo_c,sample_60,all_pinned,13,0,0,cache
gate,mamo_c,sample_87,all_pinned,4,0,0,cache
gate,mamo_c,sample_85,all_pinned,4,0,0,cache
gate,mamo_c,sample_86,all_pinned,4,0,1,cache
gate,mamo_c,sample_81,all_pinned,8,0,1,cache
gate,mamo_c,sample_78,all_pinned,13,0,0,cache
gate,mamo_c,sample_79,all_pinned,7,0,1,cache
gate,mamo_c,sample_90,all_pinned,4,0,1,cache
gate,mamo_c,sample_91,all_pinned,5,0,0,cache
gate,mamo_c,sample_80,all_pinned,13,0,0,cache
gate,mamo_c,sample_95,all_pinned,4,0,1,cache
gate,mamo_c,sample_94,all_pinned,6,0,1,cache
gate,mamo_c,sample_98,all_pinned,4,0,1,cache
gate,mamo_c,sample_82,all_pinned,6,0,1,cache
gate,mamo_c,sample_96,all_pinned,9,0,0,cache
gate,mamo_c,sample_92,all_pinned,4,0,0,cache
gate,mamo_c,sample_69,all_pinned,13,0,0,cache
gate,mamo_c,sample_88,all_pinned,13,0,0,cache
gate,mamo_c,sample_89,all_pinned,13,0,1,cache
gate,mamo_c,sample_100,all_pinned,5,0,0,cache
gate,mamo_c,sample_106,all_pinned,4,0,1,cache
gate,mamo_c,sample_97,all_pinned,13,0,1,cache
gate,mamo_c,sample_109,all_pinned,4,0,0,cache
gate,mamo_c,sample_99,all_pinned,10,0,1,cache
gate,mamo_c,sample_107,all_pinned,9,0,0,cache
gate,mamo_c,sample_112,all_pinned,3,0,1,cache
gate,mamo_c,sample_102,all_pinned,12,0,0,cache
gate,mamo_c,sample_104,all_pinned,13,0,0,cache
gate,mamo_c,sample_110,all_pinned,4,0,1,cache
gate,mamo_c,sample_73,all_pinned,13,0,0,cache
gate,mamo_c,sample_93,all_pinned,13,0,0,cache
gate,mamo_c,sample_101,all_pinned,11,0,0,cache
gate,mamo_c,sample_114,all_pinned,5,0,1,cache
gate,mamo_c,sample_105,all_pinned,13,0,1,cache
gate,mamo_c,sample_108,all_pinned,13,0,0,cache
gate,mamo_c,sample_115,all_pinned,7,0,0,cache
gate,mamo_c,sample_103,all_pinned,13,0,1,cache
gate,mamo_c,sample_118,all_pinned,7,0,1,cache
gate,mamo_c,sample_113,all_pinned,11,0,0,cache
gate,mamo_c,sample_123,all_pinned,4,0,1,cache
gate,mamo_c,sample_117,all_pinned,11,0,0,cache
gate,mamo_c,sample_111,all_pinned,13,0,1,cache
gate,mamo_c,sample_125,all_pinned,4,0,1,cache
gate,mamo_c,sample_126,all_pinned,4,0,0,cache
gate,mamo_c,sample_116,all_pinned,13,0,1,cache
gate,mamo_c,sample_122,all_pinned,10,0,0,cache
gate,mamo_c,sample_130,all_pinned,5,0,1,cache
gate,mamo_c,sample_120,all_pinned,13,0,1,cache
gate,mamo_c,sample_128,all_pinned,4,0,1,cache
gate,mamo_c,sample_121,all_pinned,13,0,1,cache
gate,mamo_c,sample_119,all_pinned,13,0,1,cache
gate,mamo_c,sample_134,all_pinned,5,0,0,cache
gate,mamo_c,sample_135,all_pinned,4,0,0,cache
gate,mamo_c,sample_132,all_pinned,5,0,1,cache
gate,mamo_c,sample_137,all_pinned,4,0,0,cache
gate,mamo_c,sample_136,all_pinned,7,0,1,cache
gate,mamo_c,sample_141,all_pinned,4,0,0,cache
gate,mamo_c,sample_129,all_pinned,13,0,1,cache
gate,mamo_c,sample_124,all_pinned,11,0,1,cache
gate,mamo_c,sample_142,all_pinned,4,0,0,cache
gate,mamo_c,sample_144,any_variant,6,0,0,cache
gate,mamo_c,sample_138,all_pinned,7,0,1,cache
gate,mamo_c,sample_139,all_pinned,8,0,0,cache
gate,mamo_c,sample_145,all_pinned,4,0,0,cache
gate,mamo_c,sample_150,any_variant,4,0,0,cache
gate,mamo_c,sample_146,all_pinned,4,0,0,cache
gate,mamo_c,sample_154,all_pinned,4,0,0,cache
gate,mamo_c,sample_151,all_pinned,5,0,0,cache
gate,mamo_c,sample_143,all_pinned,8,0,0,cache
gate,mamo_c,sample_148,all_pinned,5,0,0,cache
gate,mamo_c,sample_153,all_pinned,4,0,0,cache
gate,mamo_c,sample_152,all_pinned,5,0,0,cache
gate,mamo_c,sample_131,all_pinned,11,0,1,cache
gate,mamo_c,sample_147,all_pinned,7,0,0,cache
gate,mamo_c,sample_149,all_pinned,5,0,0,cache
gate,mamo_c,sample_163,unattributed,0,1,0,none
gate,mamo_c,sample_157,all_pinned,5,0,1,cache
gate,mamo_c,sample_127,all_pinned,13,0,0,cache
gate,mamo_c,sample_164,all_pinned,3,0,1,cache
gate,mamo_c,sample_133,all_pinned,12,0,1,cache
gate,mamo_c,sample_160,all_pinned,5,0,1,cache
gate,mamo_c,sample_140,all_pinned,13,0,0,cache
gate,mamo_c,sample_156,all_pinned,7,0,1,cache
gate,mamo_c,sample_166,all_pinned,4,0,1,cache
gate,mamo_c,sample_162,all_pinned,9,0,1,cache
gate,mamo_c,sample_155,all_pinned,10,0,1,cache
gate,mamo_c,sample_172,all_pinned,4,0,1,cache
gate,mamo_c,sample_158,all_pinned,13,0,1,cache
gate,mamo_c,sample_159,all_pinned,13,0,1,cache
gate,mamo_c,sample_167,all_pinned,8,0,1,cache
gate,mamo_c,sample_161,all_pinned,11,0,1,cache
gate,mamo_c,sample_170,all_pinned,9,0,0,cache
gate,mamo_c,sample_174,all_pinned,4,0,1,cache
gate,mamo_c,sample_169,all_pinned,13,0,1,cache
gate,mamo_c,sample_171,all_pinned,8,0,1,cache
gate,mamo_c,sample_168,all_pinned,10,0,1,cache
gate,mamo_c,sample_165,all_pinned,13,0,0,cache
gate,mamo_c,sample_180,all_pinned,5,0,1,cache
gate,mamo_c,sample_178,all_pinned,8,0,1,cache
gate,mamo_c,sample_181,all_pinned,6,0,1,cache
gate,mamo_c,sample_173,all_pinned,13,0,0,cache
gate,mamo_c,sample_176,all_pinned,6,0,0,cache
gate,mamo_c,sample_179,all_pinned,8,0,1,cache
gate,mamo_c,sample_185,all_pinned,5,0,1,cache
gate,mamo_c,sample_186,all_pinned,6,0,1,cache
gate,mamo_c,sample_177,all_pinned,13,0,1,cache
gate,mamo_c,sample_189,all_pinned,5,0,1,cache
gate,mamo_c,sample_175,all_pinned,13,0,1,cache
gate,mamo_c,sample_184,all_pinned,13,0,0,cache
gate,mamo_c,sample_191,all_pinned,5,0,1,cache
gate,mamo_c,sample_194,all_pinned,5,0,0,cache
gate,mamo_c,sample_193,all_pinned,5,0,1,cache
gate,mamo_c,sample_195,all_pinned,6,0,1,cache
gate,mamo_c,sample_200,all_pinned,3,0,1,cache
gate,mamo_c,sample_201,all_pinned,8,0,1,cache
gate,mamo_c,sample_183,all_pinned,13,0,0,cache
gate,mamo_c,sample_197,all_pinned,7,0,1,cache
gate,mamo_c,sample_187,all_pinned,13,0,0,cache
gate,mamo_c,sample_182,all_pinned,13,0,0,cache
gate,mamo_c,sample_199,all_pinned,5,0,1,cache
gate,mamo_c,sample_202,all_pinned,5,0,1,cache
gate,mamo_c,sample_207,all_pinned,4,0,1,cache
gate,mamo_c,sample_190,all_pinned,13,0,0,cache
gate,mamo_c,sample_205,all_pinned,5,0,0,cache
gate,mamo_c,sample_188,all_pinned,13,0,0,cache
gate,mamo_c,sample_203,all_pinned,5,0,1,cache
gate,mamo_c,sample_198,all_pinned,13,0,1,cache
gate,mamo_c,sample_196,all_pinned,13,0,1,cache
gate,mamo_c,sample_209,all_pinned,8,0,1,cache
gate,mamo_c,sample_208,all_pinned,7,0,1,cache
gate,mamo_c,sample_210,all_pinned,7,0,1,cache
gate,mamo_c,sample_206,all_pinned,9,0,1,cache
gate,mamo_c,sample_192,all_pinned,13,0,1,cache
gate,mamo_c,sample_211,all_pinned,10,0,1,cache
gate,mamo_c,sample_204,all_pinned,13,0,1,cache
gate,complexor,sample_4,all_pinned,3,0,0,cache
gate,complexor,sample_2,all_pinned,5,0,1,cache
gate,complexor,sample_12,all_pinned,3,0,1,cache
gate,complexor,sample_8,all_pinned,5,0,1,cache
gate,complexor,sample_5,all_pinned,3,0,1,cache
gate,complexor,sample_15,all_pinned,3,0,1,cache
gate,complexor,sample_1,all_pinned,4,0,0,cache
gate,complexor,sample_16,all_pinned,3,0,1,cache
gate,complexor,sample_6,all_pinned,4,0,1,cache
gate,complexor,sample_3,all_pinned,6,0,1,cache
gate,complexor,sample_11,all_pinned,3,0,1,cache
gate,complexor,sample_18,all_pinned,6,0,1,cache
gate,complexor,sample_17,all_pinned,3,0,0,cache
gate,complexor,sample_9,all_pinned,5,0,1,cache
gate,complexor,sample_14,all_pinned,4,0,0,cache
gate,complexor,sample_10,all_pinned,6,0,0,cache
gate,complexor,sample_13,all_pinned,9,0,1,cache
gate,complexor,sample_7,all_pinned,13,0,0,cache
gate,industryor,sample_1,all_pinned,4,0,1,cache
gate,industryor,sample_2,all_pinned,4,0,1,cache
gate,industryor,sample_6,all_pinned,4,0,1,cache
gate,industryor,sample_9,all_pinned,5,0,1,cache
gate,industryor,sample_4,all_pinned,4,0,1,cache
gate,industryor,sample_11,all_pinned,4,0,1,cache
gate,industryor,sample_17,all_pinned,4,0,1,cache
gate,industryor,sample_5,all_pinned,6,0,1,cache
gate,industryor,sample_7,all_pinned,4,0,1,cache
gate,industryor,sample_19,all_pinned,3,0,0,cache
gate,industryor,sample_15,all_pinned,4,0,0,cache
gate,industryor,sample_3,all_pinned,9,0,1,cache
gate,industryor,sample_13,all_pinned,9,0,1,cache
gate,industryor,sample_18,all_pinned,4,0,1,cache
gate,industryor,sample_22,all_pinned,4,0,1,cache
gate,industryor,sample_23,all_pinned,4,0,1,cache
gate,industryor,sample_20,all_pinned,5,0,1,cache
gate,industryor,sample_25,all_pinned,3,0,1,cache
gate,industryor,sample_8,all_pinned,13,0,1,cache
gate,industryor,sample_14,all_pinned,13,0,1,cache
gate,industryor,sample_24,all_pinned,5,0,1,cache
gate,industryor,sample_10,all_pinned,9,0,1,cache
gate,industryor,sample_12,all_pinned,13,0,0,cache
gate,industryor,sample_35,all_pinned,4,0,1,cache
gate,industryor,sample_30,all_pinned,6,0,0,cache
gate,industryor,sample_26,all_pinned,5,0,1,cache
gate,industryor,sample_37,all_pinned,4,0,0,cache
gate,industryor,sample_21,all_pinned,12,0,0,cache
gate,industryor,sample_16,all_pinned,9,0,1,cache
gate,industryor,sample_29,all_pinned,6,0,0,cache
gate,industryor,sample_27,all_pinned,12,0,1,cache
gate,industryor,sample_33,all_pinned,9,0,0,cache
gate,industryor,sample_43,all_pinned,5,0,1,cache
gate,industryor,sample_34,all_pinned,9,0,0,cache
gate,industryor,sample_31,all_pinned,13,0,0,cache
gate,industryor,sample_39,all_pinned,6,0,0,cache
gate,industryor,sample_28,all_pinned,13,0,0,cache
gate,industryor,sample_36,all_pinned,13,0,0,cache
gate,industryor,sample_32,all_pinned,13,0,0,cache
gate,industryor,sample_42,all_pinned,13,0,1,cache
gate,industryor,sample_49,all_pinned,6,0,0,cache
gate,industryor,sample_46,all_pinned,5,0,0,cache
gate,industryor,sample_41,all_pinned,12,0,0,cache
gate,industryor,sample_52,all_pinned,7,0,0,cache
gate,industryor,sample_44,all_pinned,4,0,1,cache
gate,industryor,sample_57,all_pinned,5,0,0,cache
gate,industryor,sample_40,all_pinned,8,0,0,cache
gate,industryor,sample_38,all_pinned,13,0,0,cache
gate,industryor,sample_58,all_pinned,6,0,0,cache
gate,industryor,sample_47,all_pinned,13,0,0,cache
gate,industryor,sample_45,all_pinned,13,0,0,cache
gate,industryor,sample_59,all_pinned,6,0,1,cache
gate,industryor,sample_54,all_pinned,9,0,0,cache
gate,industryor,sample_60,all_pinned,5,0,1,cache
gate,industryor,sample_48,all_pinned,13,0,0,cache
gate,industryor,sample_62,all_pinned,9,0,0,cache
gate,industryor,sample_55,all_pinned,13,0,0,cache
gate,industryor,sample_53,all_pinned,13,0,0,cache
gate,industryor,sample_61,all_pinned,6,0,1,cache
gate,industryor,sample_51,all_pinned,13,0,0,cache
gate,industryor,sample_65,all_pinned,7,0,0,cache
gate,industryor,sample_66,all_pinned,7,0,0,cache
gate,industryor,sample_56,all_pinned,13,0,0,cache
gate,industryor,sample_64,all_pinned,13,0,0,cache
gate,industryor,sample_74,all_pinned,4,0,0,cache
gate,industryor,sample_50,all_pinned,13,0,0,cache
gate,industryor,sample_78,all_pinned,4,0,0,cache
gate,industryor,sample_76,all_pinned,4,0,1,cache
gate,industryor,sample_72,all_pinned,4,0,1,cache
gate,industryor,sample_63,all_pinned,13,0,0,cache
gate,industryor,sample_77,all_pinned,4,0,1,cache
gate,industryor,sample_73,all_pinned,10,0,1,cache
gate,industryor,sample_83,all_pinned,6,0,0,cache
gate,industryor,sample_68,all_pinned,12,0,0,cache
gate,industryor,sample_71,all_pinned,13,0,0,cache
gate,industryor,sample_86,all_pinned,6,0,1,cache
gate,industryor,sample_80,all_pinned,4,0,0,cache
gate,industryor,sample_88,all_pinned,4,0,1,cache
gate,industryor,sample_84,all_pinned,8,0,0,cache
gate,industryor,sample_85,all_pinned,4,0,0,cache
gate,industryor,sample_82,all_pinned,13,0,0,cache
gate,industryor,sample_93,all_pinned,4,0,0,cache
gate,industryor,sample_91,all_pinned,4,0,1,cache
gate,industryor,sample_67,all_pinned,13,0,0,cache
gate,industryor,sample_75,all_pinned,13,0,1,cache
gate,industryor,sample_81,all_pinned,13,0,0,cache
gate,industryor,sample_87,all_pinned,8,0,0,cache
gate,industryor,sample_79,all_pinned,13,0,0,cache
gate,industryor,sample_94,all_pinned,8,0,0,cache
gate,industryor,sample_90,all_pinned,13,0,0,cache
gate,industryor,sample_69,all_pinned,13,0,0,cache
gate,industryor,sample_95,all_pinned,13,0,0,cache
gate,industryor,sample_89,all_pinned,13,0,0,cache
gate,industryor,sample_96,all_pinned,13,0,0,cache
gate,industryor,sample_100,all_pinned,6,0,0,cache
gate,industryor,sample_70,all_pinned,13,0,0,cache
gate,industryor,sample_98,all_pinned,13,0,0,cache
gate,industryor,sample_92,all_pinned,13,0,1,cache
gate,industryor,sample_97,all_pinned,13,0,0,cache
gate,industryor,sample_99,all_pinned,12,0,0,cache
gate,optmath,sample_7,unattributed,0,1,0,none
gate,optmath,sample_3,all_pinned,6,0,1,cache
gate,optmath,sample_14,all_pinned,5,0,1,cache
gate,optmath,sample_4,all_pinned,5,0,1,cache
gate,optmath,sample_9,all_pinned,8,0,1,cache
gate,optmath,sample_13,all_pinned,4,0,0,cache
gate,optmath,sample_18,all_pinned,3,0,1,cache
gate,optmath,sample_6,all_pinned,7,0,0,cache
gate,optmath,sample_16,all_pinned,4,0,0,cache
gate,optmath,sample_8,all_pinned,10,0,1,cache
gate,optmath,sample_12,all_pinned,13,0,1,cache
gate,optmath,sample_19,all_pinned,6,0,0,cache
gate,optmath,sample_5,all_pinned,13,0,1,cache
gate,optmath,sample_20,all_pinned,5,0,0,cache
gate,optmath,sample_22,all_pinned,6,0,0,cache
gate,optmath,sample_2,all_pinned,13,0,0,cache
gate,optmath,sample_1,all_pinned,13,0,0,cache
gate,optmath,sample_17,all_pinned,13,0,1,cache
gate,optmath,sample_15,all_pinned,13,0,0,cache
gate,optmath,sample_26,all_pinned,4,0,1,cache
gate,optmath,sample_11,all_pinned,13,0,1,cache
gate,optmath,sample_29,all_pinned,6,0,0,cache
gate,optmath,sample_27,all_pinned,5,0,1,cache
gate,optmath,sample_30,all_pinned,5,0,1,cache
gate,optmath,sample_31,all_pinned,5,0,0,cache
gate,optmath,sample_34,all_pinned,4,0,1,cache
gate,optmath,sample_36,all_pinned,4,0,0,cache
gate,optmath,sample_25,all_pinned,13,0,1,cache
gate,optmath,sample_10,all_pinned,13,0,0,cache
gate,optmath,sample_32,all_pinned,8,0,0,cache
gate,optmath,sample_23,all_pinned,13,0,1,cache
gate,optmath,sample_21,all_pinned,13,0,0,cache
gate,optmath,sample_41,all_pinned,4,0,1,cache
gate,optmath,sample_38,all_pinned,7,0,1,cache
gate,optmath,sample_42,all_pinned,4,0,1,cache
gate,optmath,sample_40,all_pinned,5,0,1,cache
gate,optmath,sample_28,all_pinned,11,0,0,cache
gate,optmath,sample_39,all_pinned,5,0,0,cache
gate,optmath,sample_46,all_pinned,5,0,0,cache
gate,optmath,sample_35,all_pinned,13,0,1,cache
gate,optmath,sample_47,all_pinned,4,0,1,cache
gate,optmath,sample_44,all_pinned,6,0,0,cache
gate,optmath,sample_37,all_pinned,9,0,1,cache
gate,optmath,sample_50,all_pinned,9,0,0,cache
gate,optmath,sample_51,all_pinned,5,0,0,cache
gate,optmath,sample_53,all_pinned,5,0,0,cache
gate,optmath,sample_48,all_pinned,8,0,0,cache
gate,optmath,sample_43,all_pinned,13,0,0,cache
gate,optmath,sample_45,all_pinned,10,0,1,cache
gate,optmath,sample_58,all_pinned,3,0,0,cache
gate,optmath,sample_60,all_pinned,5,0,0,cache
gate,optmath,sample_54,all_pinned,9,0,0,cache
gate,optmath,sample_56,all_pinned,5,0,1,cache
gate,optmath,sample_65,all_pinned,4,0,1,cache
gate,optmath,sample_55,all_pinned,13,0,1,cache
gate,optmath,sample_33,all_pinned,13,0,0,cache
gate,optmath,sample_64,all_pinned,4,0,1,cache
gate,optmath,sample_61,all_pinned,4,0,1,cache
gate,optmath,sample_49,all_pinned,8,0,0,cache
gate,optmath,sample_62,all_pinned,5,0,0,cache
gate,optmath,sample_52,all_pinned,13,0,1,cache
gate,optmath,sample_24,all_pinned,13,0,0,cache
gate,optmath,sample_66,all_pinned,4,0,1,cache
gate,optmath,sample_59,all_pinned,6,0,1,cache
gate,optmath,sample_68,all_pinned,6,0,1,cache
gate,optmath,sample_71,all_pinned,6,0,1,cache
gate,optmath,sample_70,all_pinned,5,0,1,cache
gate,optmath,sample_74,all_pinned,4,0,1,cache
gate,optmath,sample_77,all_pinned,4,0,0,cache
gate,optmath,sample_72,all_pinned,5,0,0,cache
gate,optmath,sample_76,all_pinned,9,0,1,cache
gate,optmath,sample_79,all_pinned,5,0,0,cache
gate,optmath,sample_80,all_pinned,4,0,0,cache
gate,optmath,sample_67,all_pinned,13,0,1,cache
gate,optmath,sample_57,all_pinned,12,0,0,cache
gate,optmath,sample_63,all_pinned,12,0,1,cache
gate,optmath,sample_83,all_pinned,5,0,1,cache
gate,optmath,sample_85,all_pinned,4,0,0,cache
gate,optmath,sample_75,all_pinned,12,0,0,cache
gate,optmath,sample_86,all_pinned,8,0,1,cache
gate,optmath,sample_73,all_pinned,10,0,0,cache
gate,optmath,sample_78,all_pinned,13,0,0,cache
gate,optmath,sample_81,all_pinned,11,0,0,cache
gate,optmath,sample_90,all_pinned,4,0,1,cache
gate,optmath,sample_91,all_pinned,4,0,1,cache
gate,optmath,sample_95,all_pinned,4,0,1,cache
gate,optmath,sample_92,all_pinned,4,0,0,cache
gate,optmath,sample_87,all_pinned,9,0,0,cache
gate,optmath,sample_82,all_pinned,13,0,1,cache
gate,optmath,sample_94,all_pinned,7,0,1,cache
gate,optmath,sample_99,all_pinned,6,0,0,cache
gate,optmath,sample_84,all_pinned,13,0,1,cache
gate,optmath,sample_101,all_pinned,5,0,1,cache
gate,optmath,sample_96,all_pinned,5,0,0,cache
gate,optmath,sample_97,all_pinned,5,0,0,cache
gate,optmath,sample_98,all_pinned,5,0,0,cache
gate,optmath,sample_108,all_pinned,3,0,0,cache
gate,optmath,sample_100,all_pinned,3,0,0,cache
gate,optmath,sample_69,all_pinned,13,0,0,cache
gate,optmath,sample_104,all_pinned,5,0,0,cache
gate,optmath,sample_89,all_pinned,11,0,0,cache
gate,optmath,sample_88,all_pinned,13,0,0,cache
gate,optmath,sample_109,all_pinned,5,0,1,cache
gate,optmath,sample_105,all_pinned,9,0,0,cache
gate,optmath,sample_107,all_pinned,9,0,0,cache
gate,optmath,sample_113,all_pinned,5,0,1,cache
gate,optmath,sample_93,all_pinned,13,0,1,cache
gate,optmath,sample_103,all_pinned,13,0,1,cache
gate,optmath,sample_119,all_pinned,5,0,1,cache
gate,optmath,sample_115,all_pinned,9,0,1,cache
gate,optmath,sample_112,all_pinned,8,0,0,cache
gate,optmath,sample_122,all_pinned,3,0,0,cache
gate,optmath,sample_106,all_pinned,13,0,0,cache
gate,optmath,sample_114,all_pinned,13,0,0,cache
gate,optmath,sample_110,all_pinned,12,0,1,cache
gate,optmath,sample_120,all_pinned,6,0,1,cache
gate,optmath,sample_111,all_pinned,11,0,0,cache
gate,optmath,sample_116,all_pinned,10,0,0,cache
gate,optmath,sample_102,all_pinned,13,0,0,cache
gate,optmath,sample_126,all_pinned,6,0,1,cache
gate,optmath,sample_118,all_pinned,9,0,1,cache
gate,optmath,sample_125,all_pinned,9,0,1,cache
gate,optmath,sample_130,all_pinned,7,0,1,cache
gate,optmath,sample_132,all_pinned,6,0,1,cache
gate,optmath,sample_134,all_pinned,4,0,1,cache
gate,optmath,sample_135,all_pinned,4,0,1,cache
gate,optmath,sample_117,all_pinned,13,0,0,cache
gate,optmath,sample_121,all_pinned,13,0,0,cache
gate,optmath,sample_127,all_pinned,10,0,0,cache
gate,optmath,sample_128,all_pinned,8,0,1,cache
gate,optmath,sample_136,all_pinned,5,0,1,cache
gate,optmath,sample_137,all_pinned,5,0,0,cache
gate,optmath,sample_129,all_pinned,13,0,0,cache
gate,optmath,sample_123,all_pinned,13,0,0,cache
gate,optmath,sample_124,all_pinned,13,0,1,cache
gate,optmath,sample_141,all_pinned,5,0,1,cache
gate,optmath,sample_139,all_pinned,6,0,1,cache
gate,optmath,sample_131,all_pinned,13,0,1,cache
gate,optmath,sample_144,all_pinned,5,0,1,cache
gate,optmath,sample_143,all_pinned,5,0,1,cache
gate,optmath,sample_133,all_pinned,13,0,1,cache
gate,optmath,sample_145,all_pinned,4,0,1,cache
gate,optmath,sample_151,all_pinned,4,0,1,cache
gate,optmath,sample_146,all_pinned,7,0,1,cache
gate,optmath,sample_138,all_pinned,10,0,1,cache
gate,optmath,sample_149,all_pinned,9,0,1,cache
gate,optmath,sample_150,all_pinned,8,0,1,cache
gate,optmath,sample_140,any_variant,13,0,0,cache
gate,optmath,sample_157,all_pinned,4,0,1,cache
gate,optmath,sample_152,all_pinned,6,0,1,cache
gate,optmath,sample_154,all_pinned,7,0,1,cache
gate,optmath,sample_142,all_pinned,13,0,0,cache
gate,optmath,sample_158,all_pinned,6,0,1,cache
gate,optmath,sample_155,all_pinned,8,0,1,cache
gate,optmath,sample_160,all_pinned,4,0,1,cache
gate,optmath,sample_161,all_pinned,5,0,1,cache
gate,optmath,sample_162,all_pinned,4,0,1,cache
gate,optmath,sample_159,all_pinned,6,0,1,cache
gate,optmath,sample_153,all_pinned,9,0,1,cache
gate,optmath,sample_147,all_pinned,13,0,0,cache
gate,optmath,sample_166,all_pinned,4,0,1,cache
gate,optmath,sample_148,all_pinned,13,0,1,cache
gate,optmath,sample_164,all_pinned,10,0,1,cache
gate,optmath,sample_156,all_pinned,13,0,0,cache
gate,optmath,sample_165,all_pinned,13,0,1,cache
gate,optmath,sample_163,all_pinned,13,0,1,cache
